# MGGPlanner map-layer baseline (voxblox TSDF, ROS 1)
# scene: room -10 -10   0 .. 10 10  4; obstacle    2 -1.5    0 ..   4 1.5   2
kind,x,y,z,arg,result
resolution,0,0,0,0,0.2
voxel,-14,-14,0.5,0,unknown
voxel,-14,-14,1.5,0,unknown
voxel,-14,-14,2.5,0,unknown
voxel,-14,-14,3.5,0,unknown
voxel,-14,-14,4.5,0,unknown
voxel,-14,-13,0.5,0,unknown
voxel,-14,-13,1.5,0,unknown
voxel,-14,-13,2.5,0,unknown
voxel,-14,-13,3.5,0,unknown
voxel,-14,-13,4.5,0,unknown
voxel,-14,-12,0.5,0,unknown
voxel,-14,-12,1.5,0,unknown
voxel,-14,-12,2.5,0,unknown
voxel,-14,-12,3.5,0,unknown
voxel,-14,-12,4.5,0,unknown
voxel,-14,-11,0.5,0,unknown
voxel,-14,-11,1.5,0,unknown
voxel,-14,-11,2.5,0,unknown
voxel,-14,-11,3.5,0,unknown
voxel,-14,-11,4.5,0,unknown
voxel,-14,-10,0.5,0,unknown
voxel,-14,-10,1.5,0,unknown
voxel,-14,-10,2.5,0,unknown
voxel,-14,-10,3.5,0,unknown
voxel,-14,-10,4.5,0,unknown
voxel,-14,-9,0.5,0,unknown
voxel,-14,-9,1.5,0,unknown
voxel,-14,-9,2.5,0,unknown
voxel,-14,-9,3.5,0,unknown
voxel,-14,-9,4.5,0,unknown
voxel,-14,-8,0.5,0,unknown
voxel,-14,-8,1.5,0,unknown
voxel,-14,-8,2.5,0,unknown
voxel,-14,-8,3.5,0,unknown
voxel,-14,-8,4.5,0,unknown
voxel,-14,-7,0.5,0,unknown
voxel,-14,-7,1.5,0,unknown
voxel,-14,-7,2.5,0,unknown
voxel,-14,-7,3.5,0,unknown
voxel,-14,-7,4.5,0,unknown
voxel,-14,-6,0.5,0,unknown
voxel,-14,-6,1.5,0,unknown
voxel,-14,-6,2.5,0,unknown
voxel,-14,-6,3.5,0,unknown
voxel,-14,-6,4.5,0,unknown
voxel,-14,-5,0.5,0,unknown
voxel,-14,-5,1.5,0,unknown
voxel,-14,-5,2.5,0,unknown
voxel,-14,-5,3.5,0,unknown
voxel,-14,-5,4.5,0,unknown
voxel,-14,-4,0.5,0,unknown
voxel,-14,-4,1.5,0,unknown
voxel,-14,-4,2.5,0,unknown
voxel,-14,-4,3.5,0,unknown
voxel,-14,-4,4.5,0,unknown
voxel,-14,-3,0.5,0,unknown
voxel,-14,-3,1.5,0,unknown
voxel,-14,-3,2.5,0,unknown
voxel,-14,-3,3.5,0,unknown
voxel,-14,-3,4.5,0,unknown
voxel,-14,-2,0.5,0,unknown
voxel,-14,-2,1.5,0,unknown
voxel,-14,-2,2.5,0,unknown
voxel,-14,-2,3.5,0,unknown
voxel,-14,-2,4.5,0,unknown
voxel,-14,-1,0.5,0,unknown
voxel,-14,-1,1.5,0,unknown
voxel,-14,-1,2.5,0,unknown
voxel,-14,-1,3.5,0,unknown
voxel,-14,-1,4.5,0,unknown
voxel,-14,0,0.5,0,unknown
voxel,-14,0,1.5,0,unknown
voxel,-14,0,2.5,0,unknown
voxel,-14,0,3.5,0,unknown
voxel,-14,0,4.5,0,unknown
voxel,-14,1,0.5,0,unknown
voxel,-14,1,1.5,0,unknown
voxel,-14,1,2.5,0,unknown
voxel,-14,1,3.5,0,unknown
voxel,-14,1,4.5,0,unknown
voxel,-14,2,0.5,0,unknown
voxel,-14,2,1.5,0,unknown
voxel,-14,2,2.5,0,unknown
voxel,-14,2,3.5,0,unknown
voxel,-14,2,4.5,0,unknown
voxel,-14,3,0.5,0,unknown
voxel,-14,3,1.5,0,unknown
voxel,-14,3,2.5,0,unknown
voxel,-14,3,3.5,0,unknown
voxel,-14,3,4.5,0,unknown
voxel,-14,4,0.5,0,unknown
voxel,-14,4,1.5,0,unknown
voxel,-14,4,2.5,0,unknown
voxel,-14,4,3.5,0,unknown
voxel,-14,4,4.5,0,unknown
voxel,-14,5,0.5,0,unknown
voxel,-14,5,1.5,0,unknown
voxel,-14,5,2.5,0,unknown
voxel,-14,5,3.5,0,unknown
voxel,-14,5,4.5,0,unknown
voxel,-14,6,0.5,0,unknown
voxel,-14,6,1.5,0,unknown
voxel,-14,6,2.5,0,unknown
voxel,-14,6,3.5,0,unknown
voxel,-14,6,4.5,0,unknown
voxel,-14,7,0.5,0,unknown
voxel,-14,7,1.5,0,unknown
voxel,-14,7,2.5,0,unknown
voxel,-14,7,3.5,0,unknown
voxel,-14,7,4.5,0,unknown
voxel,-14,8,0.5,0,unknown
voxel,-14,8,1.5,0,unknown
voxel,-14,8,2.5,0,unknown
voxel,-14,8,3.5,0,unknown
voxel,-14,8,4.5,0,unknown
voxel,-14,9,0.5,0,unknown
voxel,-14,9,1.5,0,unknown
voxel,-14,9,2.5,0,unknown
voxel,-14,9,3.5,0,unknown
voxel,-14,9,4.5,0,unknown
voxel,-14,10,0.5,0,unknown
voxel,-14,10,1.5,0,unknown
voxel,-14,10,2.5,0,unknown
voxel,-14,10,3.5,0,unknown
voxel,-14,10,4.5,0,unknown
voxel,-14,11,0.5,0,unknown
voxel,-14,11,1.5,0,unknown
voxel,-14,11,2.5,0,unknown
voxel,-14,11,3.5,0,unknown
voxel,-14,11,4.5,0,unknown
voxel,-14,12,0.5,0,unknown
voxel,-14,12,1.5,0,unknown
voxel,-14,12,2.5,0,unknown
voxel,-14,12,3.5,0,unknown
voxel,-14,12,4.5,0,unknown
voxel,-14,13,0.5,0,unknown
voxel,-14,13,1.5,0,unknown
voxel,-14,13,2.5,0,unknown
voxel,-14,13,3.5,0,unknown
voxel,-14,13,4.5,0,unknown
voxel,-14,14,0.5,0,unknown
voxel,-14,14,1.5,0,unknown
voxel,-14,14,2.5,0,unknown
voxel,-14,14,3.5,0,unknown
voxel,-14,14,4.5,0,unknown
voxel,-13,-14,0.5,0,unknown
voxel,-13,-14,1.5,0,unknown
voxel,-13,-14,2.5,0,unknown
voxel,-13,-14,3.5,0,unknown
voxel,-13,-14,4.5,0,unknown
voxel,-13,-13,0.5,0,unknown
voxel,-13,-13,1.5,0,unknown
voxel,-13,-13,2.5,0,unknown
voxel,-13,-13,3.5,0,unknown
voxel,-13,-13,4.5,0,unknown
voxel,-13,-12,0.5,0,unknown
voxel,-13,-12,1.5,0,unknown
voxel,-13,-12,2.5,0,unknown
voxel,-13,-12,3.5,0,unknown
voxel,-13,-12,4.5,0,unknown
voxel,-13,-11,0.5,0,unknown
voxel,-13,-11,1.5,0,unknown
voxel,-13,-11,2.5,0,unknown
voxel,-13,-11,3.5,0,unknown
voxel,-13,-11,4.5,0,unknown
voxel,-13,-10,0.5,0,unknown
voxel,-13,-10,1.5,0,unknown
voxel,-13,-10,2.5,0,unknown
voxel,-13,-10,3.5,0,unknown
voxel,-13,-10,4.5,0,unknown
voxel,-13,-9,0.5,0,unknown
voxel,-13,-9,1.5,0,unknown
voxel,-13,-9,2.5,0,unknown
voxel,-13,-9,3.5,0,unknown
voxel,-13,-9,4.5,0,unknown
voxel,-13,-8,0.5,0,unknown
voxel,-13,-8,1.5,0,unknown
voxel,-13,-8,2.5,0,unknown
voxel,-13,-8,3.5,0,unknown
voxel,-13,-8,4.5,0,unknown
voxel,-13,-7,0.5,0,unknown
voxel,-13,-7,1.5,0,unknown
voxel,-13,-7,2.5,0,unknown
voxel,-13,-7,3.5,0,unknown
voxel,-13,-7,4.5,0,unknown
voxel,-13,-6,0.5,0,unknown
voxel,-13,-6,1.5,0,unknown
voxel,-13,-6,2.5,0,unknown
voxel,-13,-6,3.5,0,unknown
voxel,-13,-6,4.5,0,unknown
voxel,-13,-5,0.5,0,unknown
voxel,-13,-5,1.5,0,unknown
voxel,-13,-5,2.5,0,unknown
voxel,-13,-5,3.5,0,unknown
voxel,-13,-5,4.5,0,unknown
voxel,-13,-4,0.5,0,unknown
voxel,-13,-4,1.5,0,unknown
voxel,-13,-4,2.5,0,unknown
voxel,-13,-4,3.5,0,unknown
voxel,-13,-4,4.5,0,unknown
voxel,-13,-3,0.5,0,unknown
voxel,-13,-3,1.5,0,unknown
voxel,-13,-3,2.5,0,unknown
voxel,-13,-3,3.5,0,unknown
voxel,-13,-3,4.5,0,unknown
voxel,-13,-2,0.5,0,unknown
voxel,-13,-2,1.5,0,unknown
voxel,-13,-2,2.5,0,unknown
voxel,-13,-2,3.5,0,unknown
voxel,-13,-2,4.5,0,unknown
voxel,-13,-1,0.5,0,unknown
voxel,-13,-1,1.5,0,unknown
voxel,-13,-1,2.5,0,unknown
voxel,-13,-1,3.5,0,unknown
voxel,-13,-1,4.5,0,unknown
voxel,-13,0,0.5,0,unknown
voxel,-13,0,1.5,0,unknown
voxel,-13,0,2.5,0,unknown
voxel,-13,0,3.5,0,unknown
voxel,-13,0,4.5,0,unknown
voxel,-13,1,0.5,0,unknown
voxel,-13,1,1.5,0,unknown
voxel,-13,1,2.5,0,unknown
voxel,-13,1,3.5,0,unknown
voxel,-13,1,4.5,0,unknown
voxel,-13,2,0.5,0,unknown
voxel,-13,2,1.5,0,unknown
voxel,-13,2,2.5,0,unknown
voxel,-13,2,3.5,0,unknown
voxel,-13,2,4.5,0,unknown
voxel,-13,3,0.5,0,unknown
voxel,-13,3,1.5,0,unknown
voxel,-13,3,2.5,0,unknown
voxel,-13,3,3.5,0,unknown
voxel,-13,3,4.5,0,unknown
voxel,-13,4,0.5,0,unknown
voxel,-13,4,1.5,0,unknown
voxel,-13,4,2.5,0,unknown
voxel,-13,4,3.5,0,unknown
voxel,-13,4,4.5,0,unknown
voxel,-13,5,0.5,0,unknown
voxel,-13,5,1.5,0,unknown
voxel,-13,5,2.5,0,unknown
voxel,-13,5,3.5,0,unknown
voxel,-13,5,4.5,0,unknown
voxel,-13,6,0.5,0,unknown
voxel,-13,6,1.5,0,unknown
voxel,-13,6,2.5,0,unknown
voxel,-13,6,3.5,0,unknown
voxel,-13,6,4.5,0,unknown
voxel,-13,7,0.5,0,unknown
voxel,-13,7,1.5,0,unknown
voxel,-13,7,2.5,0,unknown
voxel,-13,7,3.5,0,unknown
voxel,-13,7,4.5,0,unknown
voxel,-13,8,0.5,0,unknown
voxel,-13,8,1.5,0,unknown
voxel,-13,8,2.5,0,unknown
voxel,-13,8,3.5,0,unknown
voxel,-13,8,4.5,0,unknown
voxel,-13,9,0.5,0,unknown
voxel,-13,9,1.5,0,unknown
voxel,-13,9,2.5,0,unknown
voxel,-13,9,3.5,0,unknown
voxel,-13,9,4.5,0,unknown
voxel,-13,10,0.5,0,unknown
voxel,-13,10,1.5,0,unknown
voxel,-13,10,2.5,0,unknown
voxel,-13,10,3.5,0,unknown
voxel,-13,10,4.5,0,unknown
voxel,-13,11,0.5,0,unknown
voxel,-13,11,1.5,0,unknown
voxel,-13,11,2.5,0,unknown
voxel,-13,11,3.5,0,unknown
voxel,-13,11,4.5,0,unknown
voxel,-13,12,0.5,0,unknown
voxel,-13,12,1.5,0,unknown
voxel,-13,12,2.5,0,unknown
voxel,-13,12,3.5,0,unknown
voxel,-13,12,4.5,0,unknown
voxel,-13,13,0.5,0,unknown
voxel,-13,13,1.5,0,unknown
voxel,-13,13,2.5,0,unknown
voxel,-13,13,3.5,0,unknown
voxel,-13,13,4.5,0,unknown
voxel,-13,14,0.5,0,unknown
voxel,-13,14,1.5,0,unknown
voxel,-13,14,2.5,0,unknown
voxel,-13,14,3.5,0,unknown
voxel,-13,14,4.5,0,unknown
voxel,-12,-14,0.5,0,unknown
voxel,-12,-14,1.5,0,unknown
voxel,-12,-14,2.5,0,unknown
voxel,-12,-14,3.5,0,unknown
voxel,-12,-14,4.5,0,unknown
voxel,-12,-13,0.5,0,unknown
voxel,-12,-13,1.5,0,unknown
voxel,-12,-13,2.5,0,unknown
voxel,-12,-13,3.5,0,unknown
voxel,-12,-13,4.5,0,unknown
voxel,-12,-12,0.5,0,unknown
voxel,-12,-12,1.5,0,unknown
voxel,-12,-12,2.5,0,unknown
voxel,-12,-12,3.5,0,unknown
voxel,-12,-12,4.5,0,unknown
voxel,-12,-11,0.5,0,unknown
voxel,-12,-11,1.5,0,unknown
voxel,-12,-11,2.5,0,unknown
voxel,-12,-11,3.5,0,unknown
voxel,-12,-11,4.5,0,unknown
voxel,-12,-10,0.5,0,unknown
voxel,-12,-10,1.5,0,unknown
voxel,-12,-10,2.5,0,unknown
voxel,-12,-10,3.5,0,unknown
voxel,-12,-10,4.5,0,unknown
voxel,-12,-9,0.5,0,unknown
voxel,-12,-9,1.5,0,unknown
voxel,-12,-9,2.5,0,unknown
voxel,-12,-9,3.5,0,unknown
voxel,-12,-9,4.5,0,unknown
voxel,-12,-8,0.5,0,unknown
voxel,-12,-8,1.5,0,unknown
voxel,-12,-8,2.5,0,unknown
voxel,-12,-8,3.5,0,unknown
voxel,-12,-8,4.5,0,unknown
voxel,-12,-7,0.5,0,unknown
voxel,-12,-7,1.5,0,unknown
voxel,-12,-7,2.5,0,unknown
voxel,-12,-7,3.5,0,unknown
voxel,-12,-7,4.5,0,unknown
voxel,-12,-6,0.5,0,unknown
voxel,-12,-6,1.5,0,unknown
voxel,-12,-6,2.5,0,unknown
voxel,-12,-6,3.5,0,unknown
voxel,-12,-6,4.5,0,unknown
voxel,-12,-5,0.5,0,unknown
voxel,-12,-5,1.5,0,unknown
voxel,-12,-5,2.5,0,unknown
voxel,-12,-5,3.5,0,unknown
voxel,-12,-5,4.5,0,unknown
voxel,-12,-4,0.5,0,unknown
voxel,-12,-4,1.5,0,unknown
voxel,-12,-4,2.5,0,unknown
voxel,-12,-4,3.5,0,unknown
voxel,-12,-4,4.5,0,unknown
voxel,-12,-3,0.5,0,unknown
voxel,-12,-3,1.5,0,unknown
voxel,-12,-3,2.5,0,unknown
voxel,-12,-3,3.5,0,unknown
voxel,-12,-3,4.5,0,unknown
voxel,-12,-2,0.5,0,unknown
voxel,-12,-2,1.5,0,unknown
voxel,-12,-2,2.5,0,unknown
voxel,-12,-2,3.5,0,unknown
voxel,-12,-2,4.5,0,unknown
voxel,-12,-1,0.5,0,unknown
voxel,-12,-1,1.5,0,unknown
voxel,-12,-1,2.5,0,unknown
voxel,-12,-1,3.5,0,unknown
voxel,-12,-1,4.5,0,unknown
voxel,-12,0,0.5,0,unknown
voxel,-12,0,1.5,0,unknown
voxel,-12,0,2.5,0,unknown
voxel,-12,0,3.5,0,unknown
voxel,-12,0,4.5,0,unknown
voxel,-12,1,0.5,0,unknown
voxel,-12,1,1.5,0,unknown
voxel,-12,1,2.5,0,unknown
voxel,-12,1,3.5,0,unknown
voxel,-12,1,4.5,0,unknown
voxel,-12,2,0.5,0,unknown
voxel,-12,2,1.5,0,unknown
voxel,-12,2,2.5,0,unknown
voxel,-12,2,3.5,0,unknown
voxel,-12,2,4.5,0,unknown
voxel,-12,3,0.5,0,unknown
voxel,-12,3,1.5,0,unknown
voxel,-12,3,2.5,0,unknown
voxel,-12,3,3.5,0,unknown
voxel,-12,3,4.5,0,unknown
voxel,-12,4,0.5,0,unknown
voxel,-12,4,1.5,0,unknown
voxel,-12,4,2.5,0,unknown
voxel,-12,4,3.5,0,unknown
voxel,-12,4,4.5,0,unknown
voxel,-12,5,0.5,0,unknown
voxel,-12,5,1.5,0,unknown
voxel,-12,5,2.5,0,unknown
voxel,-12,5,3.5,0,unknown
voxel,-12,5,4.5,0,unknown
voxel,-12,6,0.5,0,unknown
voxel,-12,6,1.5,0,unknown
voxel,-12,6,2.5,0,unknown
voxel,-12,6,3.5,0,unknown
voxel,-12,6,4.5,0,unknown
voxel,-12,7,0.5,0,unknown
voxel,-12,7,1.5,0,unknown
voxel,-12,7,2.5,0,unknown
voxel,-12,7,3.5,0,unknown
voxel,-12,7,4.5,0,unknown
voxel,-12,8,0.5,0,unknown
voxel,-12,8,1.5,0,unknown
voxel,-12,8,2.5,0,unknown
voxel,-12,8,3.5,0,unknown
voxel,-12,8,4.5,0,unknown
voxel,-12,9,0.5,0,unknown
voxel,-12,9,1.5,0,unknown
voxel,-12,9,2.5,0,unknown
voxel,-12,9,3.5,0,unknown
voxel,-12,9,4.5,0,unknown
voxel,-12,10,0.5,0,unknown
voxel,-12,10,1.5,0,unknown
voxel,-12,10,2.5,0,unknown
voxel,-12,10,3.5,0,unknown
voxel,-12,10,4.5,0,unknown
voxel,-12,11,0.5,0,unknown
voxel,-12,11,1.5,0,unknown
voxel,-12,11,2.5,0,unknown
voxel,-12,11,3.5,0,unknown
voxel,-12,11,4.5,0,unknown
voxel,-12,12,0.5,0,unknown
voxel,-12,12,1.5,0,unknown
voxel,-12,12,2.5,0,unknown
voxel,-12,12,3.5,0,unknown
voxel,-12,12,4.5,0,unknown
voxel,-12,13,0.5,0,unknown
voxel,-12,13,1.5,0,unknown
voxel,-12,13,2.5,0,unknown
voxel,-12,13,3.5,0,unknown
voxel,-12,13,4.5,0,unknown
voxel,-12,14,0.5,0,unknown
voxel,-12,14,1.5,0,unknown
voxel,-12,14,2.5,0,unknown
voxel,-12,14,3.5,0,unknown
voxel,-12,14,4.5,0,unknown
voxel,-11,-14,0.5,0,unknown
voxel,-11,-14,1.5,0,unknown
voxel,-11,-14,2.5,0,unknown
voxel,-11,-14,3.5,0,unknown
voxel,-11,-14,4.5,0,unknown
voxel,-11,-13,0.5,0,unknown
voxel,-11,-13,1.5,0,unknown
voxel,-11,-13,2.5,0,unknown
voxel,-11,-13,3.5,0,unknown
voxel,-11,-13,4.5,0,unknown
voxel,-11,-12,0.5,0,unknown
voxel,-11,-12,1.5,0,unknown
voxel,-11,-12,2.5,0,unknown
voxel,-11,-12,3.5,0,unknown
voxel,-11,-12,4.5,0,unknown
voxel,-11,-11,0.5,0,unknown
voxel,-11,-11,1.5,0,unknown
voxel,-11,-11,2.5,0,unknown
voxel,-11,-11,3.5,0,unknown
voxel,-11,-11,4.5,0,unknown
voxel,-11,-10,0.5,0,unknown
voxel,-11,-10,1.5,0,unknown
voxel,-11,-10,2.5,0,unknown
voxel,-11,-10,3.5,0,unknown
voxel,-11,-10,4.5,0,unknown
voxel,-11,-9,0.5,0,unknown
voxel,-11,-9,1.5,0,unknown
voxel,-11,-9,2.5,0,unknown
voxel,-11,-9,3.5,0,unknown
voxel,-11,-9,4.5,0,unknown
voxel,-11,-8,0.5,0,unknown
voxel,-11,-8,1.5,0,unknown
voxel,-11,-8,2.5,0,unknown
voxel,-11,-8,3.5,0,unknown
voxel,-11,-8,4.5,0,unknown
voxel,-11,-7,0.5,0,unknown
voxel,-11,-7,1.5,0,unknown
voxel,-11,-7,2.5,0,unknown
voxel,-11,-7,3.5,0,unknown
voxel,-11,-7,4.5,0,unknown
voxel,-11,-6,0.5,0,unknown
voxel,-11,-6,1.5,0,unknown
voxel,-11,-6,2.5,0,unknown
voxel,-11,-6,3.5,0,unknown
voxel,-11,-6,4.5,0,unknown
voxel,-11,-5,0.5,0,unknown
voxel,-11,-5,1.5,0,unknown
voxel,-11,-5,2.5,0,unknown
voxel,-11,-5,3.5,0,unknown
voxel,-11,-5,4.5,0,unknown
voxel,-11,-4,0.5,0,unknown
voxel,-11,-4,1.5,0,unknown
voxel,-11,-4,2.5,0,unknown
voxel,-11,-4,3.5,0,unknown
voxel,-11,-4,4.5,0,unknown
voxel,-11,-3,0.5,0,unknown
voxel,-11,-3,1.5,0,unknown
voxel,-11,-3,2.5,0,unknown
voxel,-11,-3,3.5,0,unknown
voxel,-11,-3,4.5,0,unknown
voxel,-11,-2,0.5,0,unknown
voxel,-11,-2,1.5,0,unknown
voxel,-11,-2,2.5,0,unknown
voxel,-11,-2,3.5,0,unknown
voxel,-11,-2,4.5,0,unknown
voxel,-11,-1,0.5,0,unknown
voxel,-11,-1,1.5,0,unknown
voxel,-11,-1,2.5,0,unknown
voxel,-11,-1,3.5,0,unknown
voxel,-11,-1,4.5,0,unknown
voxel,-11,0,0.5,0,unknown
voxel,-11,0,1.5,0,unknown
voxel,-11,0,2.5,0,unknown
voxel,-11,0,3.5,0,unknown
voxel,-11,0,4.5,0,unknown
voxel,-11,1,0.5,0,unknown
voxel,-11,1,1.5,0,unknown
voxel,-11,1,2.5,0,unknown
voxel,-11,1,3.5,0,unknown
voxel,-11,1,4.5,0,unknown
voxel,-11,2,0.5,0,unknown
voxel,-11,2,1.5,0,unknown
voxel,-11,2,2.5,0,unknown
voxel,-11,2,3.5,0,unknown
voxel,-11,2,4.5,0,unknown
voxel,-11,3,0.5,0,unknown
voxel,-11,3,1.5,0,unknown
voxel,-11,3,2.5,0,unknown
voxel,-11,3,3.5,0,unknown
voxel,-11,3,4.5,0,unknown
voxel,-11,4,0.5,0,unknown
voxel,-11,4,1.5,0,unknown
voxel,-11,4,2.5,0,unknown
voxel,-11,4,3.5,0,unknown
voxel,-11,4,4.5,0,unknown
voxel,-11,5,0.5,0,unknown
voxel,-11,5,1.5,0,unknown
voxel,-11,5,2.5,0,unknown
voxel,-11,5,3.5,0,unknown
voxel,-11,5,4.5,0,unknown
voxel,-11,6,0.5,0,unknown
voxel,-11,6,1.5,0,unknown
voxel,-11,6,2.5,0,unknown
voxel,-11,6,3.5,0,unknown
voxel,-11,6,4.5,0,unknown
voxel,-11,7,0.5,0,unknown
voxel,-11,7,1.5,0,unknown
voxel,-11,7,2.5,0,unknown
voxel,-11,7,3.5,0,unknown
voxel,-11,7,4.5,0,unknown
voxel,-11,8,0.5,0,unknown
voxel,-11,8,1.5,0,unknown
voxel,-11,8,2.5,0,unknown
voxel,-11,8,3.5,0,unknown
voxel,-11,8,4.5,0,unknown
voxel,-11,9,0.5,0,unknown
voxel,-11,9,1.5,0,unknown
voxel,-11,9,2.5,0,unknown
voxel,-11,9,3.5,0,unknown
voxel,-11,9,4.5,0,unknown
voxel,-11,10,0.5,0,unknown
voxel,-11,10,1.5,0,unknown
voxel,-11,10,2.5,0,unknown
voxel,-11,10,3.5,0,unknown
voxel,-11,10,4.5,0,unknown
voxel,-11,11,0.5,0,unknown
voxel,-11,11,1.5,0,unknown
voxel,-11,11,2.5,0,unknown
voxel,-11,11,3.5,0,unknown
voxel,-11,11,4.5,0,unknown
voxel,-11,12,0.5,0,unknown
voxel,-11,12,1.5,0,unknown
voxel,-11,12,2.5,0,unknown
voxel,-11,12,3.5,0,unknown
voxel,-11,12,4.5,0,unknown
voxel,-11,13,0.5,0,unknown
voxel,-11,13,1.5,0,unknown
voxel,-11,13,2.5,0,unknown
voxel,-11,13,3.5,0,unknown
voxel,-11,13,4.5,0,unknown
voxel,-11,14,0.5,0,unknown
voxel,-11,14,1.5,0,unknown
voxel,-11,14,2.5,0,unknown
voxel,-11,14,3.5,0,unknown
voxel,-11,14,4.5,0,unknown
voxel,-10,-14,0.5,0,unknown
voxel,-10,-14,1.5,0,unknown
voxel,-10,-14,2.5,0,unknown
voxel,-10,-14,3.5,0,unknown
voxel,-10,-14,4.5,0,unknown
voxel,-10,-13,0.5,0,unknown
voxel,-10,-13,1.5,0,unknown
voxel,-10,-13,2.5,0,unknown
voxel,-10,-13,3.5,0,unknown
voxel,-10,-13,4.5,0,unknown
voxel,-10,-12,0.5,0,unknown
voxel,-10,-12,1.5,0,unknown
voxel,-10,-12,2.5,0,unknown
voxel,-10,-12,3.5,0,unknown
voxel,-10,-12,4.5,0,unknown
voxel,-10,-11,0.5,0,unknown
voxel,-10,-11,1.5,0,unknown
voxel,-10,-11,2.5,0,unknown
voxel,-10,-11,3.5,0,unknown
voxel,-10,-11,4.5,0,unknown
voxel,-10,-10,0.5,0,occupied
voxel,-10,-10,1.5,0,unknown
voxel,-10,-10,2.5,0,occupied
voxel,-10,-10,3.5,0,occupied
voxel,-10,-10,4.5,0,unknown
voxel,-10,-9,0.5,0,occupied
voxel,-10,-9,1.5,0,unknown
voxel,-10,-9,2.5,0,occupied
voxel,-10,-9,3.5,0,occupied
voxel,-10,-9,4.5,0,unknown
voxel,-10,-8,0.5,0,occupied
voxel,-10,-8,1.5,0,occupied
voxel,-10,-8,2.5,0,occupied
voxel,-10,-8,3.5,0,occupied
voxel,-10,-8,4.5,0,unknown
voxel,-10,-7,0.5,0,occupied
voxel,-10,-7,1.5,0,occupied
voxel,-10,-7,2.5,0,occupied
voxel,-10,-7,3.5,0,occupied
voxel,-10,-7,4.5,0,unknown
voxel,-10,-6,0.5,0,occupied
voxel,-10,-6,1.5,0,occupied
voxel,-10,-6,2.5,0,occupied
voxel,-10,-6,3.5,0,occupied
voxel,-10,-6,4.5,0,unknown
voxel,-10,-5,0.5,0,occupied
voxel,-10,-5,1.5,0,occupied
voxel,-10,-5,2.5,0,occupied
voxel,-10,-5,3.5,0,occupied
voxel,-10,-5,4.5,0,unknown
voxel,-10,-4,0.5,0,occupied
voxel,-10,-4,1.5,0,occupied
voxel,-10,-4,2.5,0,occupied
voxel,-10,-4,3.5,0,occupied
voxel,-10,-4,4.5,0,unknown
voxel,-10,-3,0.5,0,occupied
voxel,-10,-3,1.5,0,occupied
voxel,-10,-3,2.5,0,occupied
voxel,-10,-3,3.5,0,occupied
voxel,-10,-3,4.5,0,unknown
voxel,-10,-2,0.5,0,occupied
voxel,-10,-2,1.5,0,occupied
voxel,-10,-2,2.5,0,occupied
voxel,-10,-2,3.5,0,occupied
voxel,-10,-2,4.5,0,unknown
voxel,-10,-1,0.5,0,occupied
voxel,-10,-1,1.5,0,occupied
voxel,-10,-1,2.5,0,occupied
voxel,-10,-1,3.5,0,occupied
voxel,-10,-1,4.5,0,unknown
voxel,-10,0,0.5,0,occupied
voxel,-10,0,1.5,0,occupied
voxel,-10,0,2.5,0,occupied
voxel,-10,0,3.5,0,occupied
voxel,-10,0,4.5,0,unknown
voxel,-10,1,0.5,0,occupied
voxel,-10,1,1.5,0,occupied
voxel,-10,1,2.5,0,occupied
voxel,-10,1,3.5,0,occupied
voxel,-10,1,4.5,0,unknown
voxel,-10,2,0.5,0,occupied
voxel,-10,2,1.5,0,occupied
voxel,-10,2,2.5,0,occupied
voxel,-10,2,3.5,0,occupied
voxel,-10,2,4.5,0,unknown
voxel,-10,3,0.5,0,occupied
voxel,-10,3,1.5,0,occupied
voxel,-10,3,2.5,0,occupied
voxel,-10,3,3.5,0,free
voxel,-10,3,4.5,0,unknown
voxel,-10,4,0.5,0,occupied
voxel,-10,4,1.5,0,occupied
voxel,-10,4,2.5,0,occupied
voxel,-10,4,3.5,0,occupied
voxel,-10,4,4.5,0,unknown
voxel,-10,5,0.5,0,occupied
voxel,-10,5,1.5,0,occupied
voxel,-10,5,2.5,0,occupied
voxel,-10,5,3.5,0,occupied
voxel,-10,5,4.5,0,unknown
voxel,-10,6,0.5,0,occupied
voxel,-10,6,1.5,0,occupied
voxel,-10,6,2.5,0,occupied
voxel,-10,6,3.5,0,occupied
voxel,-10,6,4.5,0,unknown
voxel,-10,7,0.5,0,occupied
voxel,-10,7,1.5,0,occupied
voxel,-10,7,2.5,0,occupied
voxel,-10,7,3.5,0,free
voxel,-10,7,4.5,0,unknown
voxel,-10,8,0.5,0,occupied
voxel,-10,8,1.5,0,occupied
voxel,-10,8,2.5,0,occupied
voxel,-10,8,3.5,0,occupied
voxel,-10,8,4.5,0,unknown
voxel,-10,9,0.5,0,occupied
voxel,-10,9,1.5,0,occupied
voxel,-10,9,2.5,0,occupied
voxel,-10,9,3.5,0,occupied
voxel,-10,9,4.5,0,unknown
voxel,-10,10,0.5,0,occupied
voxel,-10,10,1.5,0,occupied
voxel,-10,10,2.5,0,unknown
voxel,-10,10,3.5,0,occupied
voxel,-10,10,4.5,0,unknown
voxel,-10,11,0.5,0,unknown
voxel,-10,11,1.5,0,unknown
voxel,-10,11,2.5,0,unknown
voxel,-10,11,3.5,0,unknown
voxel,-10,11,4.5,0,unknown
voxel,-10,12,0.5,0,unknown
voxel,-10,12,1.5,0,unknown
voxel,-10,12,2.5,0,unknown
voxel,-10,12,3.5,0,unknown
voxel,-10,12,4.5,0,unknown
voxel,-10,13,0.5,0,unknown
voxel,-10,13,1.5,0,unknown
voxel,-10,13,2.5,0,unknown
voxel,-10,13,3.5,0,unknown
voxel,-10,13,4.5,0,unknown
voxel,-10,14,0.5,0,unknown
voxel,-10,14,1.5,0,unknown
voxel,-10,14,2.5,0,unknown
voxel,-10,14,3.5,0,unknown
voxel,-10,14,4.5,0,unknown
voxel,-9,-14,0.5,0,unknown
voxel,-9,-14,1.5,0,unknown
voxel,-9,-14,2.5,0,unknown
voxel,-9,-14,3.5,0,unknown
voxel,-9,-14,4.5,0,unknown
voxel,-9,-13,0.5,0,unknown
voxel,-9,-13,1.5,0,unknown
voxel,-9,-13,2.5,0,unknown
voxel,-9,-13,3.5,0,unknown
voxel,-9,-13,4.5,0,unknown
voxel,-9,-12,0.5,0,unknown
voxel,-9,-12,1.5,0,unknown
voxel,-9,-12,2.5,0,unknown
voxel,-9,-12,3.5,0,unknown
voxel,-9,-12,4.5,0,unknown
voxel,-9,-11,0.5,0,unknown
voxel,-9,-11,1.5,0,unknown
voxel,-9,-11,2.5,0,unknown
voxel,-9,-11,3.5,0,unknown
voxel,-9,-11,4.5,0,unknown
voxel,-9,-10,0.5,0,occupied
voxel,-9,-10,1.5,0,unknown
voxel,-9,-10,2.5,0,occupied
voxel,-9,-10,3.5,0,occupied
voxel,-9,-10,4.5,0,unknown
voxel,-9,-9,0.5,0,unknown
voxel,-9,-9,1.5,0,unknown
voxel,-9,-9,2.5,0,free
voxel,-9,-9,3.5,0,unknown
voxel,-9,-9,4.5,0,unknown
voxel,-9,-8,0.5,0,unknown
voxel,-9,-8,1.5,0,unknown
voxel,-9,-8,2.5,0,free
voxel,-9,-8,3.5,0,free
voxel,-9,-8,4.5,0,unknown
voxel,-9,-7,0.5,0,unknown
voxel,-9,-7,1.5,0,unknown
voxel,-9,-7,2.5,0,free
voxel,-9,-7,3.5,0,free
voxel,-9,-7,4.5,0,unknown
voxel,-9,-6,0.5,0,unknown
voxel,-9,-6,1.5,0,unknown
voxel,-9,-6,2.5,0,free
voxel,-9,-6,3.5,0,unknown
voxel,-9,-6,4.5,0,unknown
voxel,-9,-5,0.5,0,unknown
voxel,-9,-5,1.5,0,free
voxel,-9,-5,2.5,0,free
voxel,-9,-5,3.5,0,unknown
voxel,-9,-5,4.5,0,unknown
voxel,-9,-4,0.5,0,free
voxel,-9,-4,1.5,0,free
voxel,-9,-4,2.5,0,free
voxel,-9,-4,3.5,0,free
voxel,-9,-4,4.5,0,unknown
voxel,-9,-3,0.5,0,unknown
voxel,-9,-3,1.5,0,unknown
voxel,-9,-3,2.5,0,free
voxel,-9,-3,3.5,0,free
voxel,-9,-3,4.5,0,unknown
voxel,-9,-2,0.5,0,unknown
voxel,-9,-2,1.5,0,unknown
voxel,-9,-2,2.5,0,free
voxel,-9,-2,3.5,0,unknown
voxel,-9,-2,4.5,0,unknown
voxel,-9,-1,0.5,0,free
voxel,-9,-1,1.5,0,unknown
voxel,-9,-1,2.5,0,unknown
voxel,-9,-1,3.5,0,unknown
voxel,-9,-1,4.5,0,unknown
voxel,-9,0,0.5,0,free
voxel,-9,0,1.5,0,free
voxel,-9,0,2.5,0,unknown
voxel,-9,0,3.5,0,free
voxel,-9,0,4.5,0,unknown
voxel,-9,1,0.5,0,free
voxel,-9,1,1.5,0,free
voxel,-9,1,2.5,0,free
voxel,-9,1,3.5,0,unknown
voxel,-9,1,4.5,0,unknown
voxel,-9,2,0.5,0,free
voxel,-9,2,1.5,0,free
voxel,-9,2,2.5,0,free
voxel,-9,2,3.5,0,free
voxel,-9,2,4.5,0,unknown
voxel,-9,3,0.5,0,unknown
voxel,-9,3,1.5,0,unknown
voxel,-9,3,2.5,0,unknown
voxel,-9,3,3.5,0,free
voxel,-9,3,4.5,0,unknown
voxel,-9,4,0.5,0,unknown
voxel,-9,4,1.5,0,unknown
voxel,-9,4,2.5,0,free
voxel,-9,4,3.5,0,unknown
voxel,-9,4,4.5,0,unknown
voxel,-9,5,0.5,0,unknown
voxel,-9,5,1.5,0,unknown
voxel,-9,5,2.5,0,unknown
voxel,-9,5,3.5,0,free
voxel,-9,5,4.5,0,unknown
voxel,-9,6,0.5,0,free
voxel,-9,6,1.5,0,free
voxel,-9,6,2.5,0,free
voxel,-9,6,3.5,0,free
voxel,-9,6,4.5,0,unknown
voxel,-9,7,0.5,0,free
voxel,-9,7,1.5,0,free
voxel,-9,7,2.5,0,free
voxel,-9,7,3.5,0,free
voxel,-9,7,4.5,0,unknown
voxel,-9,8,0.5,0,free
voxel,-9,8,1.5,0,free
voxel,-9,8,2.5,0,free
voxel,-9,8,3.5,0,free
voxel,-9,8,4.5,0,unknown
voxel,-9,9,0.5,0,unknown
voxel,-9,9,1.5,0,unknown
voxel,-9,9,2.5,0,free
voxel,-9,9,3.5,0,free
voxel,-9,9,4.5,0,unknown
voxel,-9,10,0.5,0,free
voxel,-9,10,1.5,0,free
voxel,-9,10,2.5,0,free
voxel,-9,10,3.5,0,free
voxel,-9,10,4.5,0,unknown
voxel,-9,11,0.5,0,unknown
voxel,-9,11,1.5,0,unknown
voxel,-9,11,2.5,0,unknown
voxel,-9,11,3.5,0,unknown
voxel,-9,11,4.5,0,unknown
voxel,-9,12,0.5,0,unknown
voxel,-9,12,1.5,0,unknown
voxel,-9,12,2.5,0,unknown
voxel,-9,12,3.5,0,unknown
voxel,-9,12,4.5,0,unknown
voxel,-9,13,0.5,0,unknown
voxel,-9,13,1.5,0,unknown
voxel,-9,13,2.5,0,unknown
voxel,-9,13,3.5,0,unknown
voxel,-9,13,4.5,0,unknown
voxel,-9,14,0.5,0,unknown
voxel,-9,14,1.5,0,unknown
voxel,-9,14,2.5,0,unknown
voxel,-9,14,3.5,0,unknown
voxel,-9,14,4.5,0,unknown
voxel,-8,-14,0.5,0,unknown
voxel,-8,-14,1.5,0,unknown
voxel,-8,-14,2.5,0,unknown
voxel,-8,-14,3.5,0,unknown
voxel,-8,-14,4.5,0,unknown
voxel,-8,-13,0.5,0,unknown
voxel,-8,-13,1.5,0,unknown
voxel,-8,-13,2.5,0,unknown
voxel,-8,-13,3.5,0,unknown
voxel,-8,-13,4.5,0,unknown
voxel,-8,-12,0.5,0,unknown
voxel,-8,-12,1.5,0,unknown
voxel,-8,-12,2.5,0,unknown
voxel,-8,-12,3.5,0,unknown
voxel,-8,-12,4.5,0,unknown
voxel,-8,-11,0.5,0,unknown
voxel,-8,-11,1.5,0,unknown
voxel,-8,-11,2.5,0,unknown
voxel,-8,-11,3.5,0,unknown
voxel,-8,-11,4.5,0,unknown
voxel,-8,-10,0.5,0,occupied
voxel,-8,-10,1.5,0,occupied
voxel,-8,-10,2.5,0,occupied
voxel,-8,-10,3.5,0,occupied
voxel,-8,-10,4.5,0,unknown
voxel,-8,-9,0.5,0,unknown
voxel,-8,-9,1.5,0,unknown
voxel,-8,-9,2.5,0,free
voxel,-8,-9,3.5,0,free
voxel,-8,-9,4.5,0,unknown
voxel,-8,-8,0.5,0,unknown
voxel,-8,-8,1.5,0,unknown
voxel,-8,-8,2.5,0,free
voxel,-8,-8,3.5,0,free
voxel,-8,-8,4.5,0,unknown
voxel,-8,-7,0.5,0,unknown
voxel,-8,-7,1.5,0,unknown
voxel,-8,-7,2.5,0,free
voxel,-8,-7,3.5,0,unknown
voxel,-8,-7,4.5,0,unknown
voxel,-8,-6,0.5,0,free
voxel,-8,-6,1.5,0,free
voxel,-8,-6,2.5,0,free
voxel,-8,-6,3.5,0,free
voxel,-8,-6,4.5,0,unknown
voxel,-8,-5,0.5,0,unknown
voxel,-8,-5,1.5,0,free
voxel,-8,-5,2.5,0,free
voxel,-8,-5,3.5,0,free
voxel,-8,-5,4.5,0,unknown
voxel,-8,-4,0.5,0,unknown
voxel,-8,-4,1.5,0,unknown
voxel,-8,-4,2.5,0,unknown
voxel,-8,-4,3.5,0,free
voxel,-8,-4,4.5,0,unknown
voxel,-8,-3,0.5,0,unknown
voxel,-8,-3,1.5,0,unknown
voxel,-8,-3,2.5,0,unknown
voxel,-8,-3,3.5,0,free
voxel,-8,-3,4.5,0,unknown
voxel,-8,-2,0.5,0,free
voxel,-8,-2,1.5,0,free
voxel,-8,-2,2.5,0,free
voxel,-8,-2,3.5,0,free
voxel,-8,-2,4.5,0,unknown
voxel,-8,-1,0.5,0,free
voxel,-8,-1,1.5,0,free
voxel,-8,-1,2.5,0,free
voxel,-8,-1,3.5,0,unknown
voxel,-8,-1,4.5,0,unknown
voxel,-8,0,0.5,0,free
voxel,-8,0,1.5,0,free
voxel,-8,0,2.5,0,free
voxel,-8,0,3.5,0,free
voxel,-8,0,4.5,0,unknown
voxel,-8,1,0.5,0,free
voxel,-8,1,1.5,0,unknown
voxel,-8,1,2.5,0,free
voxel,-8,1,3.5,0,free
voxel,-8,1,4.5,0,unknown
voxel,-8,2,0.5,0,unknown
voxel,-8,2,1.5,0,unknown
voxel,-8,2,2.5,0,free
voxel,-8,2,3.5,0,free
voxel,-8,2,4.5,0,unknown
voxel,-8,3,0.5,0,free
voxel,-8,3,1.5,0,unknown
voxel,-8,3,2.5,0,free
voxel,-8,3,3.5,0,free
voxel,-8,3,4.5,0,unknown
voxel,-8,4,0.5,0,free
voxel,-8,4,1.5,0,free
voxel,-8,4,2.5,0,free
voxel,-8,4,3.5,0,free
voxel,-8,4,4.5,0,unknown
voxel,-8,5,0.5,0,free
voxel,-8,5,1.5,0,free
voxel,-8,5,2.5,0,free
voxel,-8,5,3.5,0,free
voxel,-8,5,4.5,0,unknown
voxel,-8,6,0.5,0,free
voxel,-8,6,1.5,0,free
voxel,-8,6,2.5,0,free
voxel,-8,6,3.5,0,free
voxel,-8,6,4.5,0,unknown
voxel,-8,7,0.5,0,free
voxel,-8,7,1.5,0,free
voxel,-8,7,2.5,0,free
voxel,-8,7,3.5,0,free
voxel,-8,7,4.5,0,unknown
voxel,-8,8,0.5,0,free
voxel,-8,8,1.5,0,free
voxel,-8,8,2.5,0,free
voxel,-8,8,3.5,0,free
voxel,-8,8,4.5,0,unknown
voxel,-8,9,0.5,0,unknown
voxel,-8,9,1.5,0,unknown
voxel,-8,9,2.5,0,free
voxel,-8,9,3.5,0,free
voxel,-8,9,4.5,0,unknown
voxel,-8,10,0.5,0,occupied
voxel,-8,10,1.5,0,occupied
voxel,-8,10,2.5,0,occupied
voxel,-8,10,3.5,0,occupied
voxel,-8,10,4.5,0,unknown
voxel,-8,11,0.5,0,unknown
voxel,-8,11,1.5,0,unknown
voxel,-8,11,2.5,0,unknown
voxel,-8,11,3.5,0,unknown
voxel,-8,11,4.5,0,unknown
voxel,-8,12,0.5,0,unknown
voxel,-8,12,1.5,0,unknown
voxel,-8,12,2.5,0,unknown
voxel,-8,12,3.5,0,unknown
voxel,-8,12,4.5,0,unknown
voxel,-8,13,0.5,0,unknown
voxel,-8,13,1.5,0,unknown
voxel,-8,13,2.5,0,unknown
voxel,-8,13,3.5,0,unknown
voxel,-8,13,4.5,0,unknown
voxel,-8,14,0.5,0,unknown
voxel,-8,14,1.5,0,unknown
voxel,-8,14,2.5,0,unknown
voxel,-8,14,3.5,0,unknown
voxel,-8,14,4.5,0,unknown
voxel,-7,-14,0.5,0,unknown
voxel,-7,-14,1.5,0,unknown
voxel,-7,-14,2.5,0,unknown
voxel,-7,-14,3.5,0,unknown
voxel,-7,-14,4.5,0,unknown
voxel,-7,-13,0.5,0,unknown
voxel,-7,-13,1.5,0,unknown
voxel,-7,-13,2.5,0,unknown
voxel,-7,-13,3.5,0,unknown
voxel,-7,-13,4.5,0,unknown
voxel,-7,-12,0.5,0,unknown
voxel,-7,-12,1.5,0,unknown
voxel,-7,-12,2.5,0,unknown
voxel,-7,-12,3.5,0,unknown
voxel,-7,-12,4.5,0,unknown
voxel,-7,-11,0.5,0,unknown
voxel,-7,-11,1.5,0,unknown
voxel,-7,-11,2.5,0,unknown
voxel,-7,-11,3.5,0,unknown
voxel,-7,-11,4.5,0,unknown
voxel,-7,-10,0.5,0,occupied
voxel,-7,-10,1.5,0,occupied
voxel,-7,-10,2.5,0,occupied
voxel,-7,-10,3.5,0,occupied
voxel,-7,-10,4.5,0,unknown
voxel,-7,-9,0.5,0,unknown
voxel,-7,-9,1.5,0,unknown
voxel,-7,-9,2.5,0,free
voxel,-7,-9,3.5,0,free
voxel,-7,-9,4.5,0,unknown
voxel,-7,-8,0.5,0,unknown
voxel,-7,-8,1.5,0,unknown
voxel,-7,-8,2.5,0,free
voxel,-7,-8,3.5,0,free
voxel,-7,-8,4.5,0,unknown
voxel,-7,-7,0.5,0,unknown
voxel,-7,-7,1.5,0,unknown
voxel,-7,-7,2.5,0,free
voxel,-7,-7,3.5,0,free
voxel,-7,-7,4.5,0,unknown
voxel,-7,-6,0.5,0,unknown
voxel,-7,-6,1.5,0,unknown
voxel,-7,-6,2.5,0,unknown
voxel,-7,-6,3.5,0,free
voxel,-7,-6,4.5,0,unknown
voxel,-7,-5,0.5,0,free
voxel,-7,-5,1.5,0,free
voxel,-7,-5,2.5,0,free
voxel,-7,-5,3.5,0,free
voxel,-7,-5,4.5,0,unknown
voxel,-7,-4,0.5,0,unknown
voxel,-7,-4,1.5,0,free
voxel,-7,-4,2.5,0,free
voxel,-7,-4,3.5,0,unknown
voxel,-7,-4,4.5,0,unknown
voxel,-7,-3,0.5,0,unknown
voxel,-7,-3,1.5,0,unknown
voxel,-7,-3,2.5,0,free
voxel,-7,-3,3.5,0,free
voxel,-7,-3,4.5,0,unknown
voxel,-7,-2,0.5,0,unknown
voxel,-7,-2,1.5,0,unknown
voxel,-7,-2,2.5,0,unknown
voxel,-7,-2,3.5,0,unknown
voxel,-7,-2,4.5,0,unknown
voxel,-7,-1,0.5,0,free
voxel,-7,-1,1.5,0,free
voxel,-7,-1,2.5,0,free
voxel,-7,-1,3.5,0,free
voxel,-7,-1,4.5,0,unknown
voxel,-7,0,0.5,0,free
voxel,-7,0,1.5,0,free
voxel,-7,0,2.5,0,free
voxel,-7,0,3.5,0,free
voxel,-7,0,4.5,0,unknown
voxel,-7,1,0.5,0,free
voxel,-7,1,1.5,0,free
voxel,-7,1,2.5,0,free
voxel,-7,1,3.5,0,free
voxel,-7,1,4.5,0,unknown
voxel,-7,2,0.5,0,free
voxel,-7,2,1.5,0,free
voxel,-7,2,2.5,0,free
voxel,-7,2,3.5,0,free
voxel,-7,2,4.5,0,unknown
voxel,-7,3,0.5,0,unknown
voxel,-7,3,1.5,0,unknown
voxel,-7,3,2.5,0,free
voxel,-7,3,3.5,0,free
voxel,-7,3,4.5,0,unknown
voxel,-7,4,0.5,0,free
voxel,-7,4,1.5,0,free
voxel,-7,4,2.5,0,free
voxel,-7,4,3.5,0,free
voxel,-7,4,4.5,0,unknown
voxel,-7,5,0.5,0,free
voxel,-7,5,1.5,0,free
voxel,-7,5,2.5,0,free
voxel,-7,5,3.5,0,free
voxel,-7,5,4.5,0,unknown
voxel,-7,6,0.5,0,free
voxel,-7,6,1.5,0,free
voxel,-7,6,2.5,0,free
voxel,-7,6,3.5,0,free
voxel,-7,6,4.5,0,unknown
voxel,-7,7,0.5,0,free
voxel,-7,7,1.5,0,free
voxel,-7,7,2.5,0,free
voxel,-7,7,3.5,0,free
voxel,-7,7,4.5,0,unknown
voxel,-7,8,0.5,0,unknown
voxel,-7,8,1.5,0,unknown
voxel,-7,8,2.5,0,free
voxel,-7,8,3.5,0,free
voxel,-7,8,4.5,0,unknown
voxel,-7,9,0.5,0,unknown
voxel,-7,9,1.5,0,unknown
voxel,-7,9,2.5,0,free
voxel,-7,9,3.5,0,free
voxel,-7,9,4.5,0,unknown
voxel,-7,10,0.5,0,occupied
voxel,-7,10,1.5,0,occupied
voxel,-7,10,2.5,0,free
voxel,-7,10,3.5,0,free
voxel,-7,10,4.5,0,unknown
voxel,-7,11,0.5,0,unknown
voxel,-7,11,1.5,0,unknown
voxel,-7,11,2.5,0,unknown
voxel,-7,11,3.5,0,unknown
voxel,-7,11,4.5,0,unknown
voxel,-7,12,0.5,0,unknown
voxel,-7,12,1.5,0,unknown
voxel,-7,12,2.5,0,unknown
voxel,-7,12,3.5,0,unknown
voxel,-7,12,4.5,0,unknown
voxel,-7,13,0.5,0,unknown
voxel,-7,13,1.5,0,unknown
voxel,-7,13,2.5,0,unknown
voxel,-7,13,3.5,0,unknown
voxel,-7,13,4.5,0,unknown
voxel,-7,14,0.5,0,unknown
voxel,-7,14,1.5,0,unknown
voxel,-7,14,2.5,0,unknown
voxel,-7,14,3.5,0,unknown
voxel,-7,14,4.5,0,unknown
voxel,-6,-14,0.5,0,unknown
voxel,-6,-14,1.5,0,unknown
voxel,-6,-14,2.5,0,unknown
voxel,-6,-14,3.5,0,unknown
voxel,-6,-14,4.5,0,unknown
voxel,-6,-13,0.5,0,unknown
voxel,-6,-13,1.5,0,unknown
voxel,-6,-13,2.5,0,unknown
voxel,-6,-13,3.5,0,unknown
voxel,-6,-13,4.5,0,unknown
voxel,-6,-12,0.5,0,unknown
voxel,-6,-12,1.5,0,unknown
voxel,-6,-12,2.5,0,unknown
voxel,-6,-12,3.5,0,unknown
voxel,-6,-12,4.5,0,unknown
voxel,-6,-11,0.5,0,unknown
voxel,-6,-11,1.5,0,unknown
voxel,-6,-11,2.5,0,unknown
voxel,-6,-11,3.5,0,unknown
voxel,-6,-11,4.5,0,unknown
voxel,-6,-10,0.5,0,occupied
voxel,-6,-10,1.5,0,occupied
voxel,-6,-10,2.5,0,occupied
voxel,-6,-10,3.5,0,occupied
voxel,-6,-10,4.5,0,unknown
voxel,-6,-9,0.5,0,unknown
voxel,-6,-9,1.5,0,unknown
voxel,-6,-9,2.5,0,unknown
voxel,-6,-9,3.5,0,free
voxel,-6,-9,4.5,0,unknown
voxel,-6,-8,0.5,0,free
voxel,-6,-8,1.5,0,free
voxel,-6,-8,2.5,0,free
voxel,-6,-8,3.5,0,free
voxel,-6,-8,4.5,0,unknown
voxel,-6,-7,0.5,0,unknown
voxel,-6,-7,1.5,0,unknown
voxel,-6,-7,2.5,0,unknown
voxel,-6,-7,3.5,0,free
voxel,-6,-7,4.5,0,unknown
voxel,-6,-6,0.5,0,unknown
voxel,-6,-6,1.5,0,unknown
voxel,-6,-6,2.5,0,free
voxel,-6,-6,3.5,0,free
voxel,-6,-6,4.5,0,unknown
voxel,-6,-5,0.5,0,unknown
voxel,-6,-5,1.5,0,free
voxel,-6,-5,2.5,0,free
voxel,-6,-5,3.5,0,free
voxel,-6,-5,4.5,0,unknown
voxel,-6,-4,0.5,0,free
voxel,-6,-4,1.5,0,free
voxel,-6,-4,2.5,0,unknown
voxel,-6,-4,3.5,0,unknown
voxel,-6,-4,4.5,0,unknown
voxel,-6,-3,0.5,0,free
voxel,-6,-3,1.5,0,free
voxel,-6,-3,2.5,0,unknown
voxel,-6,-3,3.5,0,unknown
voxel,-6,-3,4.5,0,unknown
voxel,-6,-2,0.5,0,free
voxel,-6,-2,1.5,0,free
voxel,-6,-2,2.5,0,free
voxel,-6,-2,3.5,0,free
voxel,-6,-2,4.5,0,unknown
voxel,-6,-1,0.5,0,unknown
voxel,-6,-1,1.5,0,free
voxel,-6,-1,2.5,0,unknown
voxel,-6,-1,3.5,0,unknown
voxel,-6,-1,4.5,0,unknown
voxel,-6,0,0.5,0,free
voxel,-6,0,1.5,0,free
voxel,-6,0,2.5,0,free
voxel,-6,0,3.5,0,free
voxel,-6,0,4.5,0,unknown
voxel,-6,1,0.5,0,free
voxel,-6,1,1.5,0,unknown
voxel,-6,1,2.5,0,free
voxel,-6,1,3.5,0,free
voxel,-6,1,4.5,0,unknown
voxel,-6,2,0.5,0,free
voxel,-6,2,1.5,0,free
voxel,-6,2,2.5,0,free
voxel,-6,2,3.5,0,free
voxel,-6,2,4.5,0,unknown
voxel,-6,3,0.5,0,unknown
voxel,-6,3,1.5,0,unknown
voxel,-6,3,2.5,0,unknown
voxel,-6,3,3.5,0,free
voxel,-6,3,4.5,0,unknown
voxel,-6,4,0.5,0,free
voxel,-6,4,1.5,0,unknown
voxel,-6,4,2.5,0,unknown
voxel,-6,4,3.5,0,free
voxel,-6,4,4.5,0,unknown
voxel,-6,5,0.5,0,free
voxel,-6,5,1.5,0,free
voxel,-6,5,2.5,0,unknown
voxel,-6,5,3.5,0,free
voxel,-6,5,4.5,0,unknown
voxel,-6,6,0.5,0,free
voxel,-6,6,1.5,0,free
voxel,-6,6,2.5,0,free
voxel,-6,6,3.5,0,free
voxel,-6,6,4.5,0,unknown
voxel,-6,7,0.5,0,free
voxel,-6,7,1.5,0,free
voxel,-6,7,2.5,0,free
voxel,-6,7,3.5,0,free
voxel,-6,7,4.5,0,unknown
voxel,-6,8,0.5,0,free
voxel,-6,8,1.5,0,free
voxel,-6,8,2.5,0,free
voxel,-6,8,3.5,0,free
voxel,-6,8,4.5,0,unknown
voxel,-6,9,0.5,0,unknown
voxel,-6,9,1.5,0,unknown
voxel,-6,9,2.5,0,unknown
voxel,-6,9,3.5,0,unknown
voxel,-6,9,4.5,0,unknown
voxel,-6,10,0.5,0,free
voxel,-6,10,1.5,0,free
voxel,-6,10,2.5,0,free
voxel,-6,10,3.5,0,free
voxel,-6,10,4.5,0,unknown
voxel,-6,11,0.5,0,unknown
voxel,-6,11,1.5,0,unknown
voxel,-6,11,2.5,0,unknown
voxel,-6,11,3.5,0,unknown
voxel,-6,11,4.5,0,unknown
voxel,-6,12,0.5,0,unknown
voxel,-6,12,1.5,0,unknown
voxel,-6,12,2.5,0,unknown
voxel,-6,12,3.5,0,unknown
voxel,-6,12,4.5,0,unknown
voxel,-6,13,0.5,0,unknown
voxel,-6,13,1.5,0,unknown
voxel,-6,13,2.5,0,unknown
voxel,-6,13,3.5,0,unknown
voxel,-6,13,4.5,0,unknown
voxel,-6,14,0.5,0,unknown
voxel,-6,14,1.5,0,unknown
voxel,-6,14,2.5,0,unknown
voxel,-6,14,3.5,0,unknown
voxel,-6,14,4.5,0,unknown
voxel,-5,-14,0.5,0,unknown
voxel,-5,-14,1.5,0,unknown
voxel,-5,-14,2.5,0,unknown
voxel,-5,-14,3.5,0,unknown
voxel,-5,-14,4.5,0,unknown
voxel,-5,-13,0.5,0,unknown
voxel,-5,-13,1.5,0,unknown
voxel,-5,-13,2.5,0,unknown
voxel,-5,-13,3.5,0,unknown
voxel,-5,-13,4.5,0,unknown
voxel,-5,-12,0.5,0,unknown
voxel,-5,-12,1.5,0,unknown
voxel,-5,-12,2.5,0,unknown
voxel,-5,-12,3.5,0,unknown
voxel,-5,-12,4.5,0,unknown
voxel,-5,-11,0.5,0,unknown
voxel,-5,-11,1.5,0,unknown
voxel,-5,-11,2.5,0,unknown
voxel,-5,-11,3.5,0,unknown
voxel,-5,-11,4.5,0,unknown
voxel,-5,-10,0.5,0,occupied
voxel,-5,-10,1.5,0,occupied
voxel,-5,-10,2.5,0,occupied
voxel,-5,-10,3.5,0,occupied
voxel,-5,-10,4.5,0,unknown
voxel,-5,-9,0.5,0,free
voxel,-5,-9,1.5,0,free
voxel,-5,-9,2.5,0,free
voxel,-5,-9,3.5,0,free
voxel,-5,-9,4.5,0,unknown
voxel,-5,-8,0.5,0,unknown
voxel,-5,-8,1.5,0,free
voxel,-5,-8,2.5,0,free
voxel,-5,-8,3.5,0,unknown
voxel,-5,-8,4.5,0,unknown
voxel,-5,-7,0.5,0,free
voxel,-5,-7,1.5,0,free
voxel,-5,-7,2.5,0,free
voxel,-5,-7,3.5,0,free
voxel,-5,-7,4.5,0,unknown
voxel,-5,-6,0.5,0,unknown
voxel,-5,-6,1.5,0,free
voxel,-5,-6,2.5,0,free
voxel,-5,-6,3.5,0,free
voxel,-5,-6,4.5,0,unknown
voxel,-5,-5,0.5,0,free
voxel,-5,-5,1.5,0,free
voxel,-5,-5,2.5,0,unknown
voxel,-5,-5,3.5,0,unknown
voxel,-5,-5,4.5,0,unknown
voxel,-5,-4,0.5,0,free
voxel,-5,-4,1.5,0,free
voxel,-5,-4,2.5,0,free
voxel,-5,-4,3.5,0,free
voxel,-5,-4,4.5,0,unknown
voxel,-5,-3,0.5,0,unknown
voxel,-5,-3,1.5,0,free
voxel,-5,-3,2.5,0,free
voxel,-5,-3,3.5,0,unknown
voxel,-5,-3,4.5,0,unknown
voxel,-5,-2,0.5,0,free
voxel,-5,-2,1.5,0,free
voxel,-5,-2,2.5,0,free
voxel,-5,-2,3.5,0,free
voxel,-5,-2,4.5,0,unknown
voxel,-5,-1,0.5,0,free
voxel,-5,-1,1.5,0,free
voxel,-5,-1,2.5,0,free
voxel,-5,-1,3.5,0,free
voxel,-5,-1,4.5,0,unknown
voxel,-5,0,0.5,0,free
voxel,-5,0,1.5,0,free
voxel,-5,0,2.5,0,unknown
voxel,-5,0,3.5,0,free
voxel,-5,0,4.5,0,unknown
voxel,-5,1,0.5,0,free
voxel,-5,1,1.5,0,free
voxel,-5,1,2.5,0,unknown
voxel,-5,1,3.5,0,unknown
voxel,-5,1,4.5,0,unknown
voxel,-5,2,0.5,0,free
voxel,-5,2,1.5,0,free
voxel,-5,2,2.5,0,free
voxel,-5,2,3.5,0,free
voxel,-5,2,4.5,0,unknown
voxel,-5,3,0.5,0,free
voxel,-5,3,1.5,0,unknown
voxel,-5,3,2.5,0,free
voxel,-5,3,3.5,0,free
voxel,-5,3,4.5,0,unknown
voxel,-5,4,0.5,0,free
voxel,-5,4,1.5,0,free
voxel,-5,4,2.5,0,free
voxel,-5,4,3.5,0,free
voxel,-5,4,4.5,0,unknown
voxel,-5,5,0.5,0,free
voxel,-5,5,1.5,0,free
voxel,-5,5,2.5,0,free
voxel,-5,5,3.5,0,free
voxel,-5,5,4.5,0,unknown
voxel,-5,6,0.5,0,free
voxel,-5,6,1.5,0,free
voxel,-5,6,2.5,0,free
voxel,-5,6,3.5,0,free
voxel,-5,6,4.5,0,unknown
voxel,-5,7,0.5,0,free
voxel,-5,7,1.5,0,free
voxel,-5,7,2.5,0,unknown
voxel,-5,7,3.5,0,unknown
voxel,-5,7,4.5,0,unknown
voxel,-5,8,0.5,0,unknown
voxel,-5,8,1.5,0,unknown
voxel,-5,8,2.5,0,free
voxel,-5,8,3.5,0,unknown
voxel,-5,8,4.5,0,unknown
voxel,-5,9,0.5,0,free
voxel,-5,9,1.5,0,free
voxel,-5,9,2.5,0,free
voxel,-5,9,3.5,0,unknown
voxel,-5,9,4.5,0,unknown
voxel,-5,10,0.5,0,occupied
voxel,-5,10,1.5,0,occupied
voxel,-5,10,2.5,0,occupied
voxel,-5,10,3.5,0,occupied
voxel,-5,10,4.5,0,unknown
voxel,-5,11,0.5,0,unknown
voxel,-5,11,1.5,0,unknown
voxel,-5,11,2.5,0,unknown
voxel,-5,11,3.5,0,unknown
voxel,-5,11,4.5,0,unknown
voxel,-5,12,0.5,0,unknown
voxel,-5,12,1.5,0,unknown
voxel,-5,12,2.5,0,unknown
voxel,-5,12,3.5,0,unknown
voxel,-5,12,4.5,0,unknown
voxel,-5,13,0.5,0,unknown
voxel,-5,13,1.5,0,unknown
voxel,-5,13,2.5,0,unknown
voxel,-5,13,3.5,0,unknown
voxel,-5,13,4.5,0,unknown
voxel,-5,14,0.5,0,unknown
voxel,-5,14,1.5,0,unknown
voxel,-5,14,2.5,0,unknown
voxel,-5,14,3.5,0,unknown
voxel,-5,14,4.5,0,unknown
voxel,-4,-14,0.5,0,unknown
voxel,-4,-14,1.5,0,unknown
voxel,-4,-14,2.5,0,unknown
voxel,-4,-14,3.5,0,unknown
voxel,-4,-14,4.5,0,unknown
voxel,-4,-13,0.5,0,unknown
voxel,-4,-13,1.5,0,unknown
voxel,-4,-13,2.5,0,unknown
voxel,-4,-13,3.5,0,unknown
voxel,-4,-13,4.5,0,unknown
voxel,-4,-12,0.5,0,unknown
voxel,-4,-12,1.5,0,unknown
voxel,-4,-12,2.5,0,unknown
voxel,-4,-12,3.5,0,unknown
voxel,-4,-12,4.5,0,unknown
voxel,-4,-11,0.5,0,unknown
voxel,-4,-11,1.5,0,unknown
voxel,-4,-11,2.5,0,unknown
voxel,-4,-11,3.5,0,unknown
voxel,-4,-11,4.5,0,unknown
voxel,-4,-10,0.5,0,occupied
voxel,-4,-10,1.5,0,occupied
voxel,-4,-10,2.5,0,occupied
voxel,-4,-10,3.5,0,occupied
voxel,-4,-10,4.5,0,unknown
voxel,-4,-9,0.5,0,free
voxel,-4,-9,1.5,0,free
voxel,-4,-9,2.5,0,free
voxel,-4,-9,3.5,0,free
voxel,-4,-9,4.5,0,unknown
voxel,-4,-8,0.5,0,unknown
voxel,-4,-8,1.5,0,unknown
voxel,-4,-8,2.5,0,unknown
voxel,-4,-8,3.5,0,free
voxel,-4,-8,4.5,0,unknown
voxel,-4,-7,0.5,0,free
voxel,-4,-7,1.5,0,free
voxel,-4,-7,2.5,0,free
voxel,-4,-7,3.5,0,free
voxel,-4,-7,4.5,0,unknown
voxel,-4,-6,0.5,0,free
voxel,-4,-6,1.5,0,free
voxel,-4,-6,2.5,0,free
voxel,-4,-6,3.5,0,free
voxel,-4,-6,4.5,0,unknown
voxel,-4,-5,0.5,0,free
voxel,-4,-5,1.5,0,free
voxel,-4,-5,2.5,0,free
voxel,-4,-5,3.5,0,free
voxel,-4,-5,4.5,0,unknown
voxel,-4,-4,0.5,0,free
voxel,-4,-4,1.5,0,free
voxel,-4,-4,2.5,0,free
voxel,-4,-4,3.5,0,unknown
voxel,-4,-4,4.5,0,unknown
voxel,-4,-3,0.5,0,free
voxel,-4,-3,1.5,0,free
voxel,-4,-3,2.5,0,free
voxel,-4,-3,3.5,0,unknown
voxel,-4,-3,4.5,0,unknown
voxel,-4,-2,0.5,0,free
voxel,-4,-2,1.5,0,free
voxel,-4,-2,2.5,0,free
voxel,-4,-2,3.5,0,free
voxel,-4,-2,4.5,0,unknown
voxel,-4,-1,0.5,0,free
voxel,-4,-1,1.5,0,free
voxel,-4,-1,2.5,0,free
voxel,-4,-1,3.5,0,unknown
voxel,-4,-1,4.5,0,unknown
voxel,-4,0,0.5,0,free
voxel,-4,0,1.5,0,free
voxel,-4,0,2.5,0,free
voxel,-4,0,3.5,0,unknown
voxel,-4,0,4.5,0,unknown
voxel,-4,1,0.5,0,free
voxel,-4,1,1.5,0,unknown
voxel,-4,1,2.5,0,free
voxel,-4,1,3.5,0,free
voxel,-4,1,4.5,0,unknown
voxel,-4,2,0.5,0,free
voxel,-4,2,1.5,0,free
voxel,-4,2,2.5,0,free
voxel,-4,2,3.5,0,free
voxel,-4,2,4.5,0,unknown
voxel,-4,3,0.5,0,free
voxel,-4,3,1.5,0,free
voxel,-4,3,2.5,0,free
voxel,-4,3,3.5,0,unknown
voxel,-4,3,4.5,0,unknown
voxel,-4,4,0.5,0,free
voxel,-4,4,1.5,0,unknown
voxel,-4,4,2.5,0,free
voxel,-4,4,3.5,0,free
voxel,-4,4,4.5,0,unknown
voxel,-4,5,0.5,0,free
voxel,-4,5,1.5,0,free
voxel,-4,5,2.5,0,free
voxel,-4,5,3.5,0,free
voxel,-4,5,4.5,0,unknown
voxel,-4,6,0.5,0,free
voxel,-4,6,1.5,0,unknown
voxel,-4,6,2.5,0,free
voxel,-4,6,3.5,0,free
voxel,-4,6,4.5,0,unknown
voxel,-4,7,0.5,0,free
voxel,-4,7,1.5,0,free
voxel,-4,7,2.5,0,free
voxel,-4,7,3.5,0,free
voxel,-4,7,4.5,0,unknown
voxel,-4,8,0.5,0,free
voxel,-4,8,1.5,0,free
voxel,-4,8,2.5,0,free
voxel,-4,8,3.5,0,free
voxel,-4,8,4.5,0,unknown
voxel,-4,9,0.5,0,free
voxel,-4,9,1.5,0,free
voxel,-4,9,2.5,0,unknown
voxel,-4,9,3.5,0,free
voxel,-4,9,4.5,0,unknown
voxel,-4,10,0.5,0,occupied
voxel,-4,10,1.5,0,occupied
voxel,-4,10,2.5,0,occupied
voxel,-4,10,3.5,0,occupied
voxel,-4,10,4.5,0,unknown
voxel,-4,11,0.5,0,unknown
voxel,-4,11,1.5,0,unknown
voxel,-4,11,2.5,0,unknown
voxel,-4,11,3.5,0,unknown
voxel,-4,11,4.5,0,unknown
voxel,-4,12,0.5,0,unknown
voxel,-4,12,1.5,0,unknown
voxel,-4,12,2.5,0,unknown
voxel,-4,12,3.5,0,unknown
voxel,-4,12,4.5,0,unknown
voxel,-4,13,0.5,0,unknown
voxel,-4,13,1.5,0,unknown
voxel,-4,13,2.5,0,unknown
voxel,-4,13,3.5,0,unknown
voxel,-4,13,4.5,0,unknown
voxel,-4,14,0.5,0,unknown
voxel,-4,14,1.5,0,unknown
voxel,-4,14,2.5,0,unknown
voxel,-4,14,3.5,0,unknown
voxel,-4,14,4.5,0,unknown
voxel,-3,-14,0.5,0,unknown
voxel,-3,-14,1.5,0,unknown
voxel,-3,-14,2.5,0,unknown
voxel,-3,-14,3.5,0,unknown
voxel,-3,-14,4.5,0,unknown
voxel,-3,-13,0.5,0,unknown
voxel,-3,-13,1.5,0,unknown
voxel,-3,-13,2.5,0,unknown
voxel,-3,-13,3.5,0,unknown
voxel,-3,-13,4.5,0,unknown
voxel,-3,-12,0.5,0,unknown
voxel,-3,-12,1.5,0,unknown
voxel,-3,-12,2.5,0,unknown
voxel,-3,-12,3.5,0,unknown
voxel,-3,-12,4.5,0,unknown
voxel,-3,-11,0.5,0,unknown
voxel,-3,-11,1.5,0,unknown
voxel,-3,-11,2.5,0,unknown
voxel,-3,-11,3.5,0,unknown
voxel,-3,-11,4.5,0,unknown
voxel,-3,-10,0.5,0,occupied
voxel,-3,-10,1.5,0,occupied
voxel,-3,-10,2.5,0,occupied
voxel,-3,-10,3.5,0,occupied
voxel,-3,-10,4.5,0,unknown
voxel,-3,-9,0.5,0,unknown
voxel,-3,-9,1.5,0,unknown
voxel,-3,-9,2.5,0,unknown
voxel,-3,-9,3.5,0,unknown
voxel,-3,-9,4.5,0,unknown
voxel,-3,-8,0.5,0,unknown
voxel,-3,-8,1.5,0,unknown
voxel,-3,-8,2.5,0,unknown
voxel,-3,-8,3.5,0,free
voxel,-3,-8,4.5,0,unknown
voxel,-3,-7,0.5,0,unknown
voxel,-3,-7,1.5,0,unknown
voxel,-3,-7,2.5,0,free
voxel,-3,-7,3.5,0,free
voxel,-3,-7,4.5,0,unknown
voxel,-3,-6,0.5,0,unknown
voxel,-3,-6,1.5,0,free
voxel,-3,-6,2.5,0,free
voxel,-3,-6,3.5,0,unknown
voxel,-3,-6,4.5,0,unknown
voxel,-3,-5,0.5,0,free
voxel,-3,-5,1.5,0,free
voxel,-3,-5,2.5,0,unknown
voxel,-3,-5,3.5,0,free
voxel,-3,-5,4.5,0,unknown
voxel,-3,-4,0.5,0,free
voxel,-3,-4,1.5,0,free
voxel,-3,-4,2.5,0,free
voxel,-3,-4,3.5,0,unknown
voxel,-3,-4,4.5,0,unknown
voxel,-3,-3,0.5,0,free
voxel,-3,-3,1.5,0,free
voxel,-3,-3,2.5,0,free
voxel,-3,-3,3.5,0,unknown
voxel,-3,-3,4.5,0,unknown
voxel,-3,-2,0.5,0,unknown
voxel,-3,-2,1.5,0,unknown
voxel,-3,-2,2.5,0,free
voxel,-3,-2,3.5,0,unknown
voxel,-3,-2,4.5,0,unknown
voxel,-3,-1,0.5,0,unknown
voxel,-3,-1,1.5,0,unknown
voxel,-3,-1,2.5,0,free
voxel,-3,-1,3.5,0,free
voxel,-3,-1,4.5,0,unknown
voxel,-3,0,0.5,0,free
voxel,-3,0,1.5,0,free
voxel,-3,0,2.5,0,free
voxel,-3,0,3.5,0,free
voxel,-3,0,4.5,0,unknown
voxel,-3,1,0.5,0,free
voxel,-3,1,1.5,0,free
voxel,-3,1,2.5,0,free
voxel,-3,1,3.5,0,free
voxel,-3,1,4.5,0,unknown
voxel,-3,2,0.5,0,free
voxel,-3,2,1.5,0,free
voxel,-3,2,2.5,0,free
voxel,-3,2,3.5,0,unknown
voxel,-3,2,4.5,0,unknown
voxel,-3,3,0.5,0,free
voxel,-3,3,1.5,0,free
voxel,-3,3,2.5,0,free
voxel,-3,3,3.5,0,free
voxel,-3,3,4.5,0,unknown
voxel,-3,4,0.5,0,free
voxel,-3,4,1.5,0,free
voxel,-3,4,2.5,0,free
voxel,-3,4,3.5,0,unknown
voxel,-3,4,4.5,0,unknown
voxel,-3,5,0.5,0,free
voxel,-3,5,1.5,0,free
voxel,-3,5,2.5,0,free
voxel,-3,5,3.5,0,free
voxel,-3,5,4.5,0,unknown
voxel,-3,6,0.5,0,free
voxel,-3,6,1.5,0,free
voxel,-3,6,2.5,0,free
voxel,-3,6,3.5,0,unknown
voxel,-3,6,4.5,0,unknown
voxel,-3,7,0.5,0,free
voxel,-3,7,1.5,0,free
voxel,-3,7,2.5,0,free
voxel,-3,7,3.5,0,free
voxel,-3,7,4.5,0,unknown
voxel,-3,8,0.5,0,unknown
voxel,-3,8,1.5,0,unknown
voxel,-3,8,2.5,0,unknown
voxel,-3,8,3.5,0,free
voxel,-3,8,4.5,0,unknown
voxel,-3,9,0.5,0,free
voxel,-3,9,1.5,0,free
voxel,-3,9,2.5,0,free
voxel,-3,9,3.5,0,free
voxel,-3,9,4.5,0,unknown
voxel,-3,10,0.5,0,occupied
voxel,-3,10,1.5,0,occupied
voxel,-3,10,2.5,0,occupied
voxel,-3,10,3.5,0,occupied
voxel,-3,10,4.5,0,unknown
voxel,-3,11,0.5,0,unknown
voxel,-3,11,1.5,0,unknown
voxel,-3,11,2.5,0,unknown
voxel,-3,11,3.5,0,unknown
voxel,-3,11,4.5,0,unknown
voxel,-3,12,0.5,0,unknown
voxel,-3,12,1.5,0,unknown
voxel,-3,12,2.5,0,unknown
voxel,-3,12,3.5,0,unknown
voxel,-3,12,4.5,0,unknown
voxel,-3,13,0.5,0,unknown
voxel,-3,13,1.5,0,unknown
voxel,-3,13,2.5,0,unknown
voxel,-3,13,3.5,0,unknown
voxel,-3,13,4.5,0,unknown
voxel,-3,14,0.5,0,unknown
voxel,-3,14,1.5,0,unknown
voxel,-3,14,2.5,0,unknown
voxel,-3,14,3.5,0,unknown
voxel,-3,14,4.5,0,unknown
voxel,-2,-14,0.5,0,unknown
voxel,-2,-14,1.5,0,unknown
voxel,-2,-14,2.5,0,unknown
voxel,-2,-14,3.5,0,unknown
voxel,-2,-14,4.5,0,unknown
voxel,-2,-13,0.5,0,unknown
voxel,-2,-13,1.5,0,unknown
voxel,-2,-13,2.5,0,unknown
voxel,-2,-13,3.5,0,unknown
voxel,-2,-13,4.5,0,unknown
voxel,-2,-12,0.5,0,unknown
voxel,-2,-12,1.5,0,unknown
voxel,-2,-12,2.5,0,unknown
voxel,-2,-12,3.5,0,unknown
voxel,-2,-12,4.5,0,unknown
voxel,-2,-11,0.5,0,unknown
voxel,-2,-11,1.5,0,unknown
voxel,-2,-11,2.5,0,unknown
voxel,-2,-11,3.5,0,unknown
voxel,-2,-11,4.5,0,unknown
voxel,-2,-10,0.5,0,occupied
voxel,-2,-10,1.5,0,occupied
voxel,-2,-10,2.5,0,occupied
voxel,-2,-10,3.5,0,occupied
voxel,-2,-10,4.5,0,unknown
voxel,-2,-9,0.5,0,unknown
voxel,-2,-9,1.5,0,unknown
voxel,-2,-9,2.5,0,unknown
voxel,-2,-9,3.5,0,unknown
voxel,-2,-9,4.5,0,unknown
voxel,-2,-8,0.5,0,free
voxel,-2,-8,1.5,0,free
voxel,-2,-8,2.5,0,free
voxel,-2,-8,3.5,0,free
voxel,-2,-8,4.5,0,unknown
voxel,-2,-7,0.5,0,unknown
voxel,-2,-7,1.5,0,unknown
voxel,-2,-7,2.5,0,free
voxel,-2,-7,3.5,0,free
voxel,-2,-7,4.5,0,unknown
voxel,-2,-6,0.5,0,free
voxel,-2,-6,1.5,0,unknown
voxel,-2,-6,2.5,0,free
voxel,-2,-6,3.5,0,free
voxel,-2,-6,4.5,0,unknown
voxel,-2,-5,0.5,0,free
voxel,-2,-5,1.5,0,free
voxel,-2,-5,2.5,0,free
voxel,-2,-5,3.5,0,free
voxel,-2,-5,4.5,0,unknown
voxel,-2,-4,0.5,0,free
voxel,-2,-4,1.5,0,free
voxel,-2,-4,2.5,0,free
voxel,-2,-4,3.5,0,free
voxel,-2,-4,4.5,0,unknown
voxel,-2,-3,0.5,0,unknown
voxel,-2,-3,1.5,0,free
voxel,-2,-3,2.5,0,unknown
voxel,-2,-3,3.5,0,unknown
voxel,-2,-3,4.5,0,unknown
voxel,-2,-2,0.5,0,free
voxel,-2,-2,1.5,0,free
voxel,-2,-2,2.5,0,free
voxel,-2,-2,3.5,0,free
voxel,-2,-2,4.5,0,unknown
voxel,-2,-1,0.5,0,free
voxel,-2,-1,1.5,0,free
voxel,-2,-1,2.5,0,free
voxel,-2,-1,3.5,0,free
voxel,-2,-1,4.5,0,unknown
voxel,-2,0,0.5,0,free
voxel,-2,0,1.5,0,free
voxel,-2,0,2.5,0,free
voxel,-2,0,3.5,0,free
voxel,-2,0,4.5,0,unknown
voxel,-2,1,0.5,0,free
voxel,-2,1,1.5,0,free
voxel,-2,1,2.5,0,free
voxel,-2,1,3.5,0,free
voxel,-2,1,4.5,0,unknown
voxel,-2,2,0.5,0,free
voxel,-2,2,1.5,0,unknown
voxel,-2,2,2.5,0,free
voxel,-2,2,3.5,0,free
voxel,-2,2,4.5,0,unknown
voxel,-2,3,0.5,0,free
voxel,-2,3,1.5,0,free
voxel,-2,3,2.5,0,free
voxel,-2,3,3.5,0,free
voxel,-2,3,4.5,0,unknown
voxel,-2,4,0.5,0,free
voxel,-2,4,1.5,0,free
voxel,-2,4,2.5,0,free
voxel,-2,4,3.5,0,free
voxel,-2,4,4.5,0,unknown
voxel,-2,5,0.5,0,free
voxel,-2,5,1.5,0,free
voxel,-2,5,2.5,0,free
voxel,-2,5,3.5,0,free
voxel,-2,5,4.5,0,unknown
voxel,-2,6,0.5,0,free
voxel,-2,6,1.5,0,free
voxel,-2,6,2.5,0,free
voxel,-2,6,3.5,0,free
voxel,-2,6,4.5,0,unknown
voxel,-2,7,0.5,0,unknown
voxel,-2,7,1.5,0,unknown
voxel,-2,7,2.5,0,free
voxel,-2,7,3.5,0,free
voxel,-2,7,4.5,0,unknown
voxel,-2,8,0.5,0,free
voxel,-2,8,1.5,0,free
voxel,-2,8,2.5,0,free
voxel,-2,8,3.5,0,free
voxel,-2,8,4.5,0,unknown
voxel,-2,9,0.5,0,unknown
voxel,-2,9,1.5,0,unknown
voxel,-2,9,2.5,0,free
voxel,-2,9,3.5,0,unknown
voxel,-2,9,4.5,0,unknown
voxel,-2,10,0.5,0,occupied
voxel,-2,10,1.5,0,occupied
voxel,-2,10,2.5,0,occupied
voxel,-2,10,3.5,0,occupied
voxel,-2,10,4.5,0,unknown
voxel,-2,11,0.5,0,unknown
voxel,-2,11,1.5,0,unknown
voxel,-2,11,2.5,0,unknown
voxel,-2,11,3.5,0,unknown
voxel,-2,11,4.5,0,unknown
voxel,-2,12,0.5,0,unknown
voxel,-2,12,1.5,0,unknown
voxel,-2,12,2.5,0,unknown
voxel,-2,12,3.5,0,unknown
voxel,-2,12,4.5,0,unknown
voxel,-2,13,0.5,0,unknown
voxel,-2,13,1.5,0,unknown
voxel,-2,13,2.5,0,unknown
voxel,-2,13,3.5,0,unknown
voxel,-2,13,4.5,0,unknown
voxel,-2,14,0.5,0,unknown
voxel,-2,14,1.5,0,unknown
voxel,-2,14,2.5,0,unknown
voxel,-2,14,3.5,0,unknown
voxel,-2,14,4.5,0,unknown
voxel,-1,-14,0.5,0,unknown
voxel,-1,-14,1.5,0,unknown
voxel,-1,-14,2.5,0,unknown
voxel,-1,-14,3.5,0,unknown
voxel,-1,-14,4.5,0,unknown
voxel,-1,-13,0.5,0,unknown
voxel,-1,-13,1.5,0,unknown
voxel,-1,-13,2.5,0,unknown
voxel,-1,-13,3.5,0,unknown
voxel,-1,-13,4.5,0,unknown
voxel,-1,-12,0.5,0,unknown
voxel,-1,-12,1.5,0,unknown
voxel,-1,-12,2.5,0,unknown
voxel,-1,-12,3.5,0,unknown
voxel,-1,-12,4.5,0,unknown
voxel,-1,-11,0.5,0,unknown
voxel,-1,-11,1.5,0,unknown
voxel,-1,-11,2.5,0,unknown
voxel,-1,-11,3.5,0,unknown
voxel,-1,-11,4.5,0,unknown
voxel,-1,-10,0.5,0,occupied
voxel,-1,-10,1.5,0,occupied
voxel,-1,-10,2.5,0,occupied
voxel,-1,-10,3.5,0,occupied
voxel,-1,-10,4.5,0,unknown
voxel,-1,-9,0.5,0,free
voxel,-1,-9,1.5,0,unknown
voxel,-1,-9,2.5,0,unknown
voxel,-1,-9,3.5,0,unknown
voxel,-1,-9,4.5,0,unknown
voxel,-1,-8,0.5,0,free
voxel,-1,-8,1.5,0,free
voxel,-1,-8,2.5,0,free
voxel,-1,-8,3.5,0,unknown
voxel,-1,-8,4.5,0,unknown
voxel,-1,-7,0.5,0,free
voxel,-1,-7,1.5,0,free
voxel,-1,-7,2.5,0,free
voxel,-1,-7,3.5,0,free
voxel,-1,-7,4.5,0,unknown
voxel,-1,-6,0.5,0,free
voxel,-1,-6,1.5,0,free
voxel,-1,-6,2.5,0,free
voxel,-1,-6,3.5,0,free
voxel,-1,-6,4.5,0,unknown
voxel,-1,-5,0.5,0,free
voxel,-1,-5,1.5,0,free
voxel,-1,-5,2.5,0,free
voxel,-1,-5,3.5,0,free
voxel,-1,-5,4.5,0,unknown
voxel,-1,-4,0.5,0,free
voxel,-1,-4,1.5,0,unknown
voxel,-1,-4,2.5,0,free
voxel,-1,-4,3.5,0,free
voxel,-1,-4,4.5,0,unknown
voxel,-1,-3,0.5,0,unknown
voxel,-1,-3,1.5,0,free
voxel,-1,-3,2.5,0,free
voxel,-1,-3,3.5,0,unknown
voxel,-1,-3,4.5,0,unknown
voxel,-1,-2,0.5,0,free
voxel,-1,-2,1.5,0,free
voxel,-1,-2,2.5,0,free
voxel,-1,-2,3.5,0,unknown
voxel,-1,-2,4.5,0,unknown
voxel,-1,-1,0.5,0,free
voxel,-1,-1,1.5,0,free
voxel,-1,-1,2.5,0,free
voxel,-1,-1,3.5,0,free
voxel,-1,-1,4.5,0,unknown
voxel,-1,0,0.5,0,free
voxel,-1,0,1.5,0,free
voxel,-1,0,2.5,0,free
voxel,-1,0,3.5,0,free
voxel,-1,0,4.5,0,unknown
voxel,-1,1,0.5,0,free
voxel,-1,1,1.5,0,free
voxel,-1,1,2.5,0,unknown
voxel,-1,1,3.5,0,free
voxel,-1,1,4.5,0,unknown
voxel,-1,2,0.5,0,free
voxel,-1,2,1.5,0,free
voxel,-1,2,2.5,0,free
voxel,-1,2,3.5,0,free
voxel,-1,2,4.5,0,unknown
voxel,-1,3,0.5,0,free
voxel,-1,3,1.5,0,free
voxel,-1,3,2.5,0,free
voxel,-1,3,3.5,0,unknown
voxel,-1,3,4.5,0,unknown
voxel,-1,4,0.5,0,free
voxel,-1,4,1.5,0,free
voxel,-1,4,2.5,0,unknown
voxel,-1,4,3.5,0,free
voxel,-1,4,4.5,0,unknown
voxel,-1,5,0.5,0,free
voxel,-1,5,1.5,0,free
voxel,-1,5,2.5,0,free
voxel,-1,5,3.5,0,free
voxel,-1,5,4.5,0,unknown
voxel,-1,6,0.5,0,free
voxel,-1,6,1.5,0,free
voxel,-1,6,2.5,0,unknown
voxel,-1,6,3.5,0,free
voxel,-1,6,4.5,0,unknown
voxel,-1,7,0.5,0,free
voxel,-1,7,1.5,0,free
voxel,-1,7,2.5,0,free
voxel,-1,7,3.5,0,free
voxel,-1,7,4.5,0,unknown
voxel,-1,8,0.5,0,free
voxel,-1,8,1.5,0,free
voxel,-1,8,2.5,0,free
voxel,-1,8,3.5,0,free
voxel,-1,8,4.5,0,unknown
voxel,-1,9,0.5,0,free
voxel,-1,9,1.5,0,free
voxel,-1,9,2.5,0,free
voxel,-1,9,3.5,0,unknown
voxel,-1,9,4.5,0,unknown
voxel,-1,10,0.5,0,occupied
voxel,-1,10,1.5,0,occupied
voxel,-1,10,2.5,0,occupied
voxel,-1,10,3.5,0,occupied
voxel,-1,10,4.5,0,unknown
voxel,-1,11,0.5,0,unknown
voxel,-1,11,1.5,0,unknown
voxel,-1,11,2.5,0,unknown
voxel,-1,11,3.5,0,unknown
voxel,-1,11,4.5,0,unknown
voxel,-1,12,0.5,0,unknown
voxel,-1,12,1.5,0,unknown
voxel,-1,12,2.5,0,unknown
voxel,-1,12,3.5,0,unknown
voxel,-1,12,4.5,0,unknown
voxel,-1,13,0.5,0,unknown
voxel,-1,13,1.5,0,unknown
voxel,-1,13,2.5,0,unknown
voxel,-1,13,3.5,0,unknown
voxel,-1,13,4.5,0,unknown
voxel,-1,14,0.5,0,unknown
voxel,-1,14,1.5,0,unknown
voxel,-1,14,2.5,0,unknown
voxel,-1,14,3.5,0,unknown
voxel,-1,14,4.5,0,unknown
voxel,0,-14,0.5,0,unknown
voxel,0,-14,1.5,0,unknown
voxel,0,-14,2.5,0,unknown
voxel,0,-14,3.5,0,unknown
voxel,0,-14,4.5,0,unknown
voxel,0,-13,0.5,0,unknown
voxel,0,-13,1.5,0,unknown
voxel,0,-13,2.5,0,unknown
voxel,0,-13,3.5,0,unknown
voxel,0,-13,4.5,0,unknown
voxel,0,-12,0.5,0,unknown
voxel,0,-12,1.5,0,unknown
voxel,0,-12,2.5,0,unknown
voxel,0,-12,3.5,0,unknown
voxel,0,-12,4.5,0,unknown
voxel,0,-11,0.5,0,unknown
voxel,0,-11,1.5,0,unknown
voxel,0,-11,2.5,0,unknown
voxel,0,-11,3.5,0,unknown
voxel,0,-11,4.5,0,unknown
voxel,0,-10,0.5,0,occupied
voxel,0,-10,1.5,0,occupied
voxel,0,-10,2.5,0,occupied
voxel,0,-10,3.5,0,occupied
voxel,0,-10,4.5,0,unknown
voxel,0,-9,0.5,0,free
voxel,0,-9,1.5,0,free
voxel,0,-9,2.5,0,unknown
voxel,0,-9,3.5,0,free
voxel,0,-9,4.5,0,unknown
voxel,0,-8,0.5,0,free
voxel,0,-8,1.5,0,free
voxel,0,-8,2.5,0,free
voxel,0,-8,3.5,0,free
voxel,0,-8,4.5,0,unknown
voxel,0,-7,0.5,0,free
voxel,0,-7,1.5,0,free
voxel,0,-7,2.5,0,free
voxel,0,-7,3.5,0,free
voxel,0,-7,4.5,0,unknown
voxel,0,-6,0.5,0,free
voxel,0,-6,1.5,0,free
voxel,0,-6,2.5,0,free
voxel,0,-6,3.5,0,free
voxel,0,-6,4.5,0,unknown
voxel,0,-5,0.5,0,free
voxel,0,-5,1.5,0,free
voxel,0,-5,2.5,0,unknown
voxel,0,-5,3.5,0,free
voxel,0,-5,4.5,0,unknown
voxel,0,-4,0.5,0,free
voxel,0,-4,1.5,0,free
voxel,0,-4,2.5,0,free
voxel,0,-4,3.5,0,free
voxel,0,-4,4.5,0,unknown
voxel,0,-3,0.5,0,free
voxel,0,-3,1.5,0,free
voxel,0,-3,2.5,0,free
voxel,0,-3,3.5,0,free
voxel,0,-3,4.5,0,unknown
voxel,0,-2,0.5,0,free
voxel,0,-2,1.5,0,free
voxel,0,-2,2.5,0,free
voxel,0,-2,3.5,0,free
voxel,0,-2,4.5,0,unknown
voxel,0,-1,0.5,0,free
voxel,0,-1,1.5,0,free
voxel,0,-1,2.5,0,free
voxel,0,-1,3.5,0,free
voxel,0,-1,4.5,0,unknown
voxel,0,0,0.5,0,free
voxel,0,0,1.5,0,free
voxel,0,0,2.5,0,free
voxel,0,0,3.5,0,free
voxel,0,0,4.5,0,unknown
voxel,0,1,0.5,0,free
voxel,0,1,1.5,0,free
voxel,0,1,2.5,0,free
voxel,0,1,3.5,0,free
voxel,0,1,4.5,0,unknown
voxel,0,2,0.5,0,free
voxel,0,2,1.5,0,free
voxel,0,2,2.5,0,free
voxel,0,2,3.5,0,free
voxel,0,2,4.5,0,unknown
voxel,0,3,0.5,0,free
voxel,0,3,1.5,0,free
voxel,0,3,2.5,0,free
voxel,0,3,3.5,0,unknown
voxel,0,3,4.5,0,unknown
voxel,0,4,0.5,0,free
voxel,0,4,1.5,0,free
voxel,0,4,2.5,0,free
voxel,0,4,3.5,0,free
voxel,0,4,4.5,0,unknown
voxel,0,5,0.5,0,free
voxel,0,5,1.5,0,free
voxel,0,5,2.5,0,free
voxel,0,5,3.5,0,unknown
voxel,0,5,4.5,0,unknown
voxel,0,6,0.5,0,free
voxel,0,6,1.5,0,free
voxel,0,6,2.5,0,free
voxel,0,6,3.5,0,unknown
voxel,0,6,4.5,0,unknown
voxel,0,7,0.5,0,free
voxel,0,7,1.5,0,free
voxel,0,7,2.5,0,free
voxel,0,7,3.5,0,free
voxel,0,7,4.5,0,unknown
voxel,0,8,0.5,0,free
voxel,0,8,1.5,0,free
voxel,0,8,2.5,0,free
voxel,0,8,3.5,0,free
voxel,0,8,4.5,0,unknown
voxel,0,9,0.5,0,free
voxel,0,9,1.5,0,free
voxel,0,9,2.5,0,free
voxel,0,9,3.5,0,free
voxel,0,9,4.5,0,unknown
voxel,0,10,0.5,0,occupied
voxel,0,10,1.5,0,occupied
voxel,0,10,2.5,0,occupied
voxel,0,10,3.5,0,occupied
voxel,0,10,4.5,0,unknown
voxel,0,11,0.5,0,unknown
voxel,0,11,1.5,0,unknown
voxel,0,11,2.5,0,unknown
voxel,0,11,3.5,0,unknown
voxel,0,11,4.5,0,unknown
voxel,0,12,0.5,0,unknown
voxel,0,12,1.5,0,unknown
voxel,0,12,2.5,0,unknown
voxel,0,12,3.5,0,unknown
voxel,0,12,4.5,0,unknown
voxel,0,13,0.5,0,unknown
voxel,0,13,1.5,0,unknown
voxel,0,13,2.5,0,unknown
voxel,0,13,3.5,0,unknown
voxel,0,13,4.5,0,unknown
voxel,0,14,0.5,0,unknown
voxel,0,14,1.5,0,unknown
voxel,0,14,2.5,0,unknown
voxel,0,14,3.5,0,unknown
voxel,0,14,4.5,0,unknown
voxel,1,-14,0.5,0,unknown
voxel,1,-14,1.5,0,unknown
voxel,1,-14,2.5,0,unknown
voxel,1,-14,3.5,0,unknown
voxel,1,-14,4.5,0,unknown
voxel,1,-13,0.5,0,unknown
voxel,1,-13,1.5,0,unknown
voxel,1,-13,2.5,0,unknown
voxel,1,-13,3.5,0,unknown
voxel,1,-13,4.5,0,unknown
voxel,1,-12,0.5,0,unknown
voxel,1,-12,1.5,0,unknown
voxel,1,-12,2.5,0,unknown
voxel,1,-12,3.5,0,unknown
voxel,1,-12,4.5,0,unknown
voxel,1,-11,0.5,0,unknown
voxel,1,-11,1.5,0,unknown
voxel,1,-11,2.5,0,unknown
voxel,1,-11,3.5,0,unknown
voxel,1,-11,4.5,0,unknown
voxel,1,-10,0.5,0,occupied
voxel,1,-10,1.5,0,occupied
voxel,1,-10,2.5,0,occupied
voxel,1,-10,3.5,0,occupied
voxel,1,-10,4.5,0,unknown
voxel,1,-9,0.5,0,free
voxel,1,-9,1.5,0,free
voxel,1,-9,2.5,0,unknown
voxel,1,-9,3.5,0,unknown
voxel,1,-9,4.5,0,unknown
voxel,1,-8,0.5,0,free
voxel,1,-8,1.5,0,unknown
voxel,1,-8,2.5,0,unknown
voxel,1,-8,3.5,0,unknown
voxel,1,-8,4.5,0,unknown
voxel,1,-7,0.5,0,free
voxel,1,-7,1.5,0,unknown
voxel,1,-7,2.5,0,free
voxel,1,-7,3.5,0,free
voxel,1,-7,4.5,0,unknown
voxel,1,-6,0.5,0,free
voxel,1,-6,1.5,0,unknown
voxel,1,-6,2.5,0,free
voxel,1,-6,3.5,0,free
voxel,1,-6,4.5,0,unknown
voxel,1,-5,0.5,0,free
voxel,1,-5,1.5,0,free
voxel,1,-5,2.5,0,free
voxel,1,-5,3.5,0,unknown
voxel,1,-5,4.5,0,unknown
voxel,1,-4,0.5,0,unknown
voxel,1,-4,1.5,0,unknown
voxel,1,-4,2.5,0,free
voxel,1,-4,3.5,0,free
voxel,1,-4,4.5,0,unknown
voxel,1,-3,0.5,0,free
voxel,1,-3,1.5,0,unknown
voxel,1,-3,2.5,0,free
voxel,1,-3,3.5,0,free
voxel,1,-3,4.5,0,unknown
voxel,1,-2,0.5,0,free
voxel,1,-2,1.5,0,free
voxel,1,-2,2.5,0,free
voxel,1,-2,3.5,0,free
voxel,1,-2,4.5,0,unknown
voxel,1,-1,0.5,0,free
voxel,1,-1,1.5,0,unknown
voxel,1,-1,2.5,0,unknown
voxel,1,-1,3.5,0,free
voxel,1,-1,4.5,0,unknown
voxel,1,0,0.5,0,free
voxel,1,0,1.5,0,unknown
voxel,1,0,2.5,0,free
voxel,1,0,3.5,0,free
voxel,1,0,4.5,0,unknown
voxel,1,1,0.5,0,free
voxel,1,1,1.5,0,free
voxel,1,1,2.5,0,free
voxel,1,1,3.5,0,unknown
voxel,1,1,4.5,0,unknown
voxel,1,2,0.5,0,free
voxel,1,2,1.5,0,free
voxel,1,2,2.5,0,free
voxel,1,2,3.5,0,free
voxel,1,2,4.5,0,unknown
voxel,1,3,0.5,0,unknown
voxel,1,3,1.5,0,unknown
voxel,1,3,2.5,0,free
voxel,1,3,3.5,0,unknown
voxel,1,3,4.5,0,unknown
voxel,1,4,0.5,0,free
voxel,1,4,1.5,0,unknown
voxel,1,4,2.5,0,free
voxel,1,4,3.5,0,free
voxel,1,4,4.5,0,unknown
voxel,1,5,0.5,0,free
voxel,1,5,1.5,0,free
voxel,1,5,2.5,0,free
voxel,1,5,3.5,0,unknown
voxel,1,5,4.5,0,unknown
voxel,1,6,0.5,0,free
voxel,1,6,1.5,0,free
voxel,1,6,2.5,0,unknown
voxel,1,6,3.5,0,unknown
voxel,1,6,4.5,0,unknown
voxel,1,7,0.5,0,free
voxel,1,7,1.5,0,unknown
voxel,1,7,2.5,0,unknown
voxel,1,7,3.5,0,free
voxel,1,7,4.5,0,unknown
voxel,1,8,0.5,0,free
voxel,1,8,1.5,0,free
voxel,1,8,2.5,0,free
voxel,1,8,3.5,0,free
voxel,1,8,4.5,0,unknown
voxel,1,9,0.5,0,free
voxel,1,9,1.5,0,free
voxel,1,9,2.5,0,free
voxel,1,9,3.5,0,unknown
voxel,1,9,4.5,0,unknown
voxel,1,10,0.5,0,occupied
voxel,1,10,1.5,0,occupied
voxel,1,10,2.5,0,occupied
voxel,1,10,3.5,0,occupied
voxel,1,10,4.5,0,unknown
voxel,1,11,0.5,0,unknown
voxel,1,11,1.5,0,unknown
voxel,1,11,2.5,0,unknown
voxel,1,11,3.5,0,unknown
voxel,1,11,4.5,0,unknown
voxel,1,12,0.5,0,unknown
voxel,1,12,1.5,0,unknown
voxel,1,12,2.5,0,unknown
voxel,1,12,3.5,0,unknown
voxel,1,12,4.5,0,unknown
voxel,1,13,0.5,0,unknown
voxel,1,13,1.5,0,unknown
voxel,1,13,2.5,0,unknown
voxel,1,13,3.5,0,unknown
voxel,1,13,4.5,0,unknown
voxel,1,14,0.5,0,unknown
voxel,1,14,1.5,0,unknown
voxel,1,14,2.5,0,unknown
voxel,1,14,3.5,0,unknown
voxel,1,14,4.5,0,unknown
voxel,2,-14,0.5,0,unknown
voxel,2,-14,1.5,0,unknown
voxel,2,-14,2.5,0,unknown
voxel,2,-14,3.5,0,unknown
voxel,2,-14,4.5,0,unknown
voxel,2,-13,0.5,0,unknown
voxel,2,-13,1.5,0,unknown
voxel,2,-13,2.5,0,unknown
voxel,2,-13,3.5,0,unknown
voxel,2,-13,4.5,0,unknown
voxel,2,-12,0.5,0,unknown
voxel,2,-12,1.5,0,unknown
voxel,2,-12,2.5,0,unknown
voxel,2,-12,3.5,0,unknown
voxel,2,-12,4.5,0,unknown
voxel,2,-11,0.5,0,unknown
voxel,2,-11,1.5,0,unknown
voxel,2,-11,2.5,0,unknown
voxel,2,-11,3.5,0,unknown
voxel,2,-11,4.5,0,unknown
voxel,2,-10,0.5,0,occupied
voxel,2,-10,1.5,0,occupied
voxel,2,-10,2.5,0,occupied
voxel,2,-10,3.5,0,occupied
voxel,2,-10,4.5,0,unknown
voxel,2,-9,0.5,0,free
voxel,2,-9,1.5,0,free
voxel,2,-9,2.5,0,free
voxel,2,-9,3.5,0,free
voxel,2,-9,4.5,0,unknown
voxel,2,-8,0.5,0,free
voxel,2,-8,1.5,0,unknown
voxel,2,-8,2.5,0,free
voxel,2,-8,3.5,0,unknown
voxel,2,-8,4.5,0,unknown
voxel,2,-7,0.5,0,unknown
voxel,2,-7,1.5,0,unknown
voxel,2,-7,2.5,0,free
voxel,2,-7,3.5,0,free
voxel,2,-7,4.5,0,unknown
voxel,2,-6,0.5,0,free
voxel,2,-6,1.5,0,unknown
voxel,2,-6,2.5,0,free
voxel,2,-6,3.5,0,free
voxel,2,-6,4.5,0,unknown
voxel,2,-5,0.5,0,free
voxel,2,-5,1.5,0,free
voxel,2,-5,2.5,0,free
voxel,2,-5,3.5,0,free
voxel,2,-5,4.5,0,unknown
voxel,2,-4,0.5,0,free
voxel,2,-4,1.5,0,unknown
voxel,2,-4,2.5,0,free
voxel,2,-4,3.5,0,free
voxel,2,-4,4.5,0,unknown
voxel,2,-3,0.5,0,free
voxel,2,-3,1.5,0,free
voxel,2,-3,2.5,0,free
voxel,2,-3,3.5,0,unknown
voxel,2,-3,4.5,0,unknown
voxel,2,-2,0.5,0,occupied
voxel,2,-2,1.5,0,occupied
voxel,2,-2,2.5,0,free
voxel,2,-2,3.5,0,free
voxel,2,-2,4.5,0,unknown
voxel,2,-1,0.5,0,occupied
voxel,2,-1,1.5,0,occupied
voxel,2,-1,2.5,0,free
voxel,2,-1,3.5,0,free
voxel,2,-1,4.5,0,unknown
voxel,2,0,0.5,0,occupied
voxel,2,0,1.5,0,occupied
voxel,2,0,2.5,0,free
voxel,2,0,3.5,0,free
voxel,2,0,4.5,0,unknown
voxel,2,1,0.5,0,occupied
voxel,2,1,1.5,0,occupied
voxel,2,1,2.5,0,unknown
voxel,2,1,3.5,0,unknown
voxel,2,1,4.5,0,unknown
voxel,2,2,0.5,0,free
voxel,2,2,1.5,0,free
voxel,2,2,2.5,0,free
voxel,2,2,3.5,0,free
voxel,2,2,4.5,0,unknown
voxel,2,3,0.5,0,free
voxel,2,3,1.5,0,free
voxel,2,3,2.5,0,free
voxel,2,3,3.5,0,free
voxel,2,3,4.5,0,unknown
voxel,2,4,0.5,0,free
voxel,2,4,1.5,0,unknown
voxel,2,4,2.5,0,free
voxel,2,4,3.5,0,free
voxel,2,4,4.5,0,unknown
voxel,2,5,0.5,0,free
voxel,2,5,1.5,0,free
voxel,2,5,2.5,0,free
voxel,2,5,3.5,0,unknown
voxel,2,5,4.5,0,unknown
voxel,2,6,0.5,0,unknown
voxel,2,6,1.5,0,free
voxel,2,6,2.5,0,unknown
voxel,2,6,3.5,0,free
voxel,2,6,4.5,0,unknown
voxel,2,7,0.5,0,free
voxel,2,7,1.5,0,free
voxel,2,7,2.5,0,free
voxel,2,7,3.5,0,free
voxel,2,7,4.5,0,unknown
voxel,2,8,0.5,0,unknown
voxel,2,8,1.5,0,unknown
voxel,2,8,2.5,0,unknown
voxel,2,8,3.5,0,free
voxel,2,8,4.5,0,unknown
voxel,2,9,0.5,0,free
voxel,2,9,1.5,0,free
voxel,2,9,2.5,0,free
voxel,2,9,3.5,0,free
voxel,2,9,4.5,0,unknown
voxel,2,10,0.5,0,occupied
voxel,2,10,1.5,0,occupied
voxel,2,10,2.5,0,occupied
voxel,2,10,3.5,0,occupied
voxel,2,10,4.5,0,unknown
voxel,2,11,0.5,0,unknown
voxel,2,11,1.5,0,unknown
voxel,2,11,2.5,0,unknown
voxel,2,11,3.5,0,unknown
voxel,2,11,4.5,0,unknown
voxel,2,12,0.5,0,unknown
voxel,2,12,1.5,0,unknown
voxel,2,12,2.5,0,unknown
voxel,2,12,3.5,0,unknown
voxel,2,12,4.5,0,unknown
voxel,2,13,0.5,0,unknown
voxel,2,13,1.5,0,unknown
voxel,2,13,2.5,0,unknown
voxel,2,13,3.5,0,unknown
voxel,2,13,4.5,0,unknown
voxel,2,14,0.5,0,unknown
voxel,2,14,1.5,0,unknown
voxel,2,14,2.5,0,unknown
voxel,2,14,3.5,0,unknown
voxel,2,14,4.5,0,unknown
voxel,3,-14,0.5,0,unknown
voxel,3,-14,1.5,0,unknown
voxel,3,-14,2.5,0,unknown
voxel,3,-14,3.5,0,unknown
voxel,3,-14,4.5,0,unknown
voxel,3,-13,0.5,0,unknown
voxel,3,-13,1.5,0,unknown
voxel,3,-13,2.5,0,unknown
voxel,3,-13,3.5,0,unknown
voxel,3,-13,4.5,0,unknown
voxel,3,-12,0.5,0,unknown
voxel,3,-12,1.5,0,unknown
voxel,3,-12,2.5,0,unknown
voxel,3,-12,3.5,0,unknown
voxel,3,-12,4.5,0,unknown
voxel,3,-11,0.5,0,unknown
voxel,3,-11,1.5,0,unknown
voxel,3,-11,2.5,0,unknown
voxel,3,-11,3.5,0,unknown
voxel,3,-11,4.5,0,unknown
voxel,3,-10,0.5,0,occupied
voxel,3,-10,1.5,0,occupied
voxel,3,-10,2.5,0,occupied
voxel,3,-10,3.5,0,occupied
voxel,3,-10,4.5,0,unknown
voxel,3,-9,0.5,0,unknown
voxel,3,-9,1.5,0,unknown
voxel,3,-9,2.5,0,unknown
voxel,3,-9,3.5,0,free
voxel,3,-9,4.5,0,unknown
voxel,3,-8,0.5,0,free
voxel,3,-8,1.5,0,unknown
voxel,3,-8,2.5,0,free
voxel,3,-8,3.5,0,free
voxel,3,-8,4.5,0,unknown
voxel,3,-7,0.5,0,free
voxel,3,-7,1.5,0,unknown
voxel,3,-7,2.5,0,free
voxel,3,-7,3.5,0,free
voxel,3,-7,4.5,0,unknown
voxel,3,-6,0.5,0,unknown
voxel,3,-6,1.5,0,unknown
voxel,3,-6,2.5,0,unknown
voxel,3,-6,3.5,0,free
voxel,3,-6,4.5,0,unknown
voxel,3,-5,0.5,0,free
voxel,3,-5,1.5,0,unknown
voxel,3,-5,2.5,0,free
voxel,3,-5,3.5,0,free
voxel,3,-5,4.5,0,unknown
voxel,3,-4,0.5,0,free
voxel,3,-4,1.5,0,free
voxel,3,-4,2.5,0,free
voxel,3,-4,3.5,0,unknown
voxel,3,-4,4.5,0,unknown
voxel,3,-3,0.5,0,free
voxel,3,-3,1.5,0,unknown
voxel,3,-3,2.5,0,free
voxel,3,-3,3.5,0,free
voxel,3,-3,4.5,0,unknown
voxel,3,-2,0.5,0,unknown
voxel,3,-2,1.5,0,unknown
voxel,3,-2,2.5,0,free
voxel,3,-2,3.5,0,free
voxel,3,-2,4.5,0,unknown
voxel,3,-1,0.5,0,unknown
voxel,3,-1,1.5,0,unknown
voxel,3,-1,2.5,0,unknown
voxel,3,-1,3.5,0,free
voxel,3,-1,4.5,0,unknown
voxel,3,0,0.5,0,unknown
voxel,3,0,1.5,0,unknown
voxel,3,0,2.5,0,free
voxel,3,0,3.5,0,unknown
voxel,3,0,4.5,0,unknown
voxel,3,1,0.5,0,occupied
voxel,3,1,1.5,0,occupied
voxel,3,1,2.5,0,free
voxel,3,1,3.5,0,free
voxel,3,1,4.5,0,unknown
voxel,3,2,0.5,0,free
voxel,3,2,1.5,0,free
voxel,3,2,2.5,0,free
voxel,3,2,3.5,0,unknown
voxel,3,2,4.5,0,unknown
voxel,3,3,0.5,0,free
voxel,3,3,1.5,0,free
voxel,3,3,2.5,0,free
voxel,3,3,3.5,0,free
voxel,3,3,4.5,0,unknown
voxel,3,4,0.5,0,free
voxel,3,4,1.5,0,free
voxel,3,4,2.5,0,unknown
voxel,3,4,3.5,0,unknown
voxel,3,4,4.5,0,unknown
voxel,3,5,0.5,0,unknown
voxel,3,5,1.5,0,free
voxel,3,5,2.5,0,free
voxel,3,5,3.5,0,unknown
voxel,3,5,4.5,0,unknown
voxel,3,6,0.5,0,unknown
voxel,3,6,1.5,0,free
voxel,3,6,2.5,0,free
voxel,3,6,3.5,0,free
voxel,3,6,4.5,0,unknown
voxel,3,7,0.5,0,unknown
voxel,3,7,1.5,0,unknown
voxel,3,7,2.5,0,free
voxel,3,7,3.5,0,free
voxel,3,7,4.5,0,unknown
voxel,3,8,0.5,0,unknown
voxel,3,8,1.5,0,unknown
voxel,3,8,2.5,0,unknown
voxel,3,8,3.5,0,unknown
voxel,3,8,4.5,0,unknown
voxel,3,9,0.5,0,unknown
voxel,3,9,1.5,0,unknown
voxel,3,9,2.5,0,unknown
voxel,3,9,3.5,0,free
voxel,3,9,4.5,0,unknown
voxel,3,10,0.5,0,occupied
voxel,3,10,1.5,0,occupied
voxel,3,10,2.5,0,occupied
voxel,3,10,3.5,0,occupied
voxel,3,10,4.5,0,unknown
voxel,3,11,0.5,0,unknown
voxel,3,11,1.5,0,unknown
voxel,3,11,2.5,0,unknown
voxel,3,11,3.5,0,unknown
voxel,3,11,4.5,0,unknown
voxel,3,12,0.5,0,unknown
voxel,3,12,1.5,0,unknown
voxel,3,12,2.5,0,unknown
voxel,3,12,3.5,0,unknown
voxel,3,12,4.5,0,unknown
voxel,3,13,0.5,0,unknown
voxel,3,13,1.5,0,unknown
voxel,3,13,2.5,0,unknown
voxel,3,13,3.5,0,unknown
voxel,3,13,4.5,0,unknown
voxel,3,14,0.5,0,unknown
voxel,3,14,1.5,0,unknown
voxel,3,14,2.5,0,unknown
voxel,3,14,3.5,0,unknown
voxel,3,14,4.5,0,unknown
voxel,4,-14,0.5,0,unknown
voxel,4,-14,1.5,0,unknown
voxel,4,-14,2.5,0,unknown
voxel,4,-14,3.5,0,unknown
voxel,4,-14,4.5,0,unknown
voxel,4,-13,0.5,0,unknown
voxel,4,-13,1.5,0,unknown
voxel,4,-13,2.5,0,unknown
voxel,4,-13,3.5,0,unknown
voxel,4,-13,4.5,0,unknown
voxel,4,-12,0.5,0,unknown
voxel,4,-12,1.5,0,unknown
voxel,4,-12,2.5,0,unknown
voxel,4,-12,3.5,0,unknown
voxel,4,-12,4.5,0,unknown
voxel,4,-11,0.5,0,unknown
voxel,4,-11,1.5,0,unknown
voxel,4,-11,2.5,0,unknown
voxel,4,-11,3.5,0,unknown
voxel,4,-11,4.5,0,unknown
voxel,4,-10,0.5,0,occupied
voxel,4,-10,1.5,0,occupied
voxel,4,-10,2.5,0,unknown
voxel,4,-10,3.5,0,occupied
voxel,4,-10,4.5,0,unknown
voxel,4,-9,0.5,0,unknown
voxel,4,-9,1.5,0,unknown
voxel,4,-9,2.5,0,unknown
voxel,4,-9,3.5,0,unknown
voxel,4,-9,4.5,0,unknown
voxel,4,-8,0.5,0,unknown
voxel,4,-8,1.5,0,unknown
voxel,4,-8,2.5,0,free
voxel,4,-8,3.5,0,free
voxel,4,-8,4.5,0,unknown
voxel,4,-7,0.5,0,free
voxel,4,-7,1.5,0,free
voxel,4,-7,2.5,0,free
voxel,4,-7,3.5,0,free
voxel,4,-7,4.5,0,unknown
voxel,4,-6,0.5,0,free
voxel,4,-6,1.5,0,free
voxel,4,-6,2.5,0,unknown
voxel,4,-6,3.5,0,free
voxel,4,-6,4.5,0,unknown
voxel,4,-5,0.5,0,free
voxel,4,-5,1.5,0,free
voxel,4,-5,2.5,0,free
voxel,4,-5,3.5,0,free
voxel,4,-5,4.5,0,unknown
voxel,4,-4,0.5,0,free
voxel,4,-4,1.5,0,free
voxel,4,-4,2.5,0,free
voxel,4,-4,3.5,0,free
voxel,4,-4,4.5,0,unknown
voxel,4,-3,0.5,0,free
voxel,4,-3,1.5,0,unknown
voxel,4,-3,2.5,0,free
voxel,4,-3,3.5,0,free
voxel,4,-3,4.5,0,unknown
voxel,4,-2,0.5,0,unknown
voxel,4,-2,1.5,0,free
voxel,4,-2,2.5,0,free
voxel,4,-2,3.5,0,free
voxel,4,-2,4.5,0,unknown
voxel,4,-1,0.5,0,free
voxel,4,-1,1.5,0,free
voxel,4,-1,2.5,0,unknown
voxel,4,-1,3.5,0,unknown
voxel,4,-1,4.5,0,unknown
voxel,4,0,0.5,0,free
voxel,4,0,1.5,0,free
voxel,4,0,2.5,0,free
voxel,4,0,3.5,0,free
voxel,4,0,4.5,0,unknown
voxel,4,1,0.5,0,occupied
voxel,4,1,1.5,0,occupied
voxel,4,1,2.5,0,free
voxel,4,1,3.5,0,free
voxel,4,1,4.5,0,unknown
voxel,4,2,0.5,0,free
voxel,4,2,1.5,0,free
voxel,4,2,2.5,0,free
voxel,4,2,3.5,0,unknown
voxel,4,2,4.5,0,unknown
voxel,4,3,0.5,0,free
voxel,4,3,1.5,0,free
voxel,4,3,2.5,0,free
voxel,4,3,3.5,0,unknown
voxel,4,3,4.5,0,unknown
voxel,4,4,0.5,0,free
voxel,4,4,1.5,0,free
voxel,4,4,2.5,0,free
voxel,4,4,3.5,0,free
voxel,4,4,4.5,0,unknown
voxel,4,5,0.5,0,free
voxel,4,5,1.5,0,free
voxel,4,5,2.5,0,free
voxel,4,5,3.5,0,free
voxel,4,5,4.5,0,unknown
voxel,4,6,0.5,0,free
voxel,4,6,1.5,0,unknown
voxel,4,6,2.5,0,free
voxel,4,6,3.5,0,free
voxel,4,6,4.5,0,unknown
voxel,4,7,0.5,0,unknown
voxel,4,7,1.5,0,unknown
voxel,4,7,2.5,0,free
voxel,4,7,3.5,0,free
voxel,4,7,4.5,0,unknown
voxel,4,8,0.5,0,unknown
voxel,4,8,1.5,0,unknown
voxel,4,8,2.5,0,unknown
voxel,4,8,3.5,0,free
voxel,4,8,4.5,0,unknown
voxel,4,9,0.5,0,free
voxel,4,9,1.5,0,free
voxel,4,9,2.5,0,free
voxel,4,9,3.5,0,free
voxel,4,9,4.5,0,unknown
voxel,4,10,0.5,0,occupied
voxel,4,10,1.5,0,occupied
voxel,4,10,2.5,0,occupied
voxel,4,10,3.5,0,occupied
voxel,4,10,4.5,0,unknown
voxel,4,11,0.5,0,unknown
voxel,4,11,1.5,0,unknown
voxel,4,11,2.5,0,unknown
voxel,4,11,3.5,0,unknown
voxel,4,11,4.5,0,unknown
voxel,4,12,0.5,0,unknown
voxel,4,12,1.5,0,unknown
voxel,4,12,2.5,0,unknown
voxel,4,12,3.5,0,unknown
voxel,4,12,4.5,0,unknown
voxel,4,13,0.5,0,unknown
voxel,4,13,1.5,0,unknown
voxel,4,13,2.5,0,unknown
voxel,4,13,3.5,0,unknown
voxel,4,13,4.5,0,unknown
voxel,4,14,0.5,0,unknown
voxel,4,14,1.5,0,unknown
voxel,4,14,2.5,0,unknown
voxel,4,14,3.5,0,unknown
voxel,4,14,4.5,0,unknown
voxel,5,-14,0.5,0,unknown
voxel,5,-14,1.5,0,unknown
voxel,5,-14,2.5,0,unknown
voxel,5,-14,3.5,0,unknown
voxel,5,-14,4.5,0,unknown
voxel,5,-13,0.5,0,unknown
voxel,5,-13,1.5,0,unknown
voxel,5,-13,2.5,0,unknown
voxel,5,-13,3.5,0,unknown
voxel,5,-13,4.5,0,unknown
voxel,5,-12,0.5,0,unknown
voxel,5,-12,1.5,0,unknown
voxel,5,-12,2.5,0,unknown
voxel,5,-12,3.5,0,unknown
voxel,5,-12,4.5,0,unknown
voxel,5,-11,0.5,0,unknown
voxel,5,-11,1.5,0,unknown
voxel,5,-11,2.5,0,unknown
voxel,5,-11,3.5,0,unknown
voxel,5,-11,4.5,0,unknown
voxel,5,-10,0.5,0,occupied
voxel,5,-10,1.5,0,occupied
voxel,5,-10,2.5,0,occupied
voxel,5,-10,3.5,0,occupied
voxel,5,-10,4.5,0,unknown
voxel,5,-9,0.5,0,unknown
voxel,5,-9,1.5,0,unknown
voxel,5,-9,2.5,0,unknown
voxel,5,-9,3.5,0,unknown
voxel,5,-9,4.5,0,unknown
voxel,5,-8,0.5,0,unknown
voxel,5,-8,1.5,0,unknown
voxel,5,-8,2.5,0,unknown
voxel,5,-8,3.5,0,unknown
voxel,5,-8,4.5,0,unknown
voxel,5,-7,0.5,0,free
voxel,5,-7,1.5,0,free
voxel,5,-7,2.5,0,free
voxel,5,-7,3.5,0,free
voxel,5,-7,4.5,0,unknown
voxel,5,-6,0.5,0,free
voxel,5,-6,1.5,0,free
voxel,5,-6,2.5,0,unknown
voxel,5,-6,3.5,0,free
voxel,5,-6,4.5,0,unknown
voxel,5,-5,0.5,0,free
voxel,5,-5,1.5,0,free
voxel,5,-5,2.5,0,free
voxel,5,-5,3.5,0,free
voxel,5,-5,4.5,0,unknown
voxel,5,-4,0.5,0,free
voxel,5,-4,1.5,0,free
voxel,5,-4,2.5,0,free
voxel,5,-4,3.5,0,free
voxel,5,-4,4.5,0,unknown
voxel,5,-3,0.5,0,free
voxel,5,-3,1.5,0,free
voxel,5,-3,2.5,0,free
voxel,5,-3,3.5,0,free
voxel,5,-3,4.5,0,unknown
voxel,5,-2,0.5,0,free
voxel,5,-2,1.5,0,free
voxel,5,-2,2.5,0,free
voxel,5,-2,3.5,0,free
voxel,5,-2,4.5,0,unknown
voxel,5,-1,0.5,0,free
voxel,5,-1,1.5,0,free
voxel,5,-1,2.5,0,free
voxel,5,-1,3.5,0,free
voxel,5,-1,4.5,0,unknown
voxel,5,0,0.5,0,free
voxel,5,0,1.5,0,free
voxel,5,0,2.5,0,free
voxel,5,0,3.5,0,unknown
voxel,5,0,4.5,0,unknown
voxel,5,1,0.5,0,free
voxel,5,1,1.5,0,free
voxel,5,1,2.5,0,free
voxel,5,1,3.5,0,free
voxel,5,1,4.5,0,unknown
voxel,5,2,0.5,0,unknown
voxel,5,2,1.5,0,unknown
voxel,5,2,2.5,0,unknown
voxel,5,2,3.5,0,free
voxel,5,2,4.5,0,unknown
voxel,5,3,0.5,0,free
voxel,5,3,1.5,0,free
voxel,5,3,2.5,0,free
voxel,5,3,3.5,0,free
voxel,5,3,4.5,0,unknown
voxel,5,4,0.5,0,free
voxel,5,4,1.5,0,free
voxel,5,4,2.5,0,unknown
voxel,5,4,3.5,0,free
voxel,5,4,4.5,0,unknown
voxel,5,5,0.5,0,unknown
voxel,5,5,1.5,0,unknown
voxel,5,5,2.5,0,unknown
voxel,5,5,3.5,0,free
voxel,5,5,4.5,0,unknown
voxel,5,6,0.5,0,free
voxel,5,6,1.5,0,free
voxel,5,6,2.5,0,free
voxel,5,6,3.5,0,unknown
voxel,5,6,4.5,0,unknown
voxel,5,7,0.5,0,free
voxel,5,7,1.5,0,free
voxel,5,7,2.5,0,unknown
voxel,5,7,3.5,0,free
voxel,5,7,4.5,0,unknown
voxel,5,8,0.5,0,unknown
voxel,5,8,1.5,0,unknown
voxel,5,8,2.5,0,unknown
voxel,5,8,3.5,0,free
voxel,5,8,4.5,0,unknown
voxel,5,9,0.5,0,free
voxel,5,9,1.5,0,free
voxel,5,9,2.5,0,free
voxel,5,9,3.5,0,free
voxel,5,9,4.5,0,unknown
voxel,5,10,0.5,0,occupied
voxel,5,10,1.5,0,occupied
voxel,5,10,2.5,0,occupied
voxel,5,10,3.5,0,occupied
voxel,5,10,4.5,0,unknown
voxel,5,11,0.5,0,unknown
voxel,5,11,1.5,0,unknown
voxel,5,11,2.5,0,unknown
voxel,5,11,3.5,0,unknown
voxel,5,11,4.5,0,unknown
voxel,5,12,0.5,0,unknown
voxel,5,12,1.5,0,unknown
voxel,5,12,2.5,0,unknown
voxel,5,12,3.5,0,unknown
voxel,5,12,4.5,0,unknown
voxel,5,13,0.5,0,unknown
voxel,5,13,1.5,0,unknown
voxel,5,13,2.5,0,unknown
voxel,5,13,3.5,0,unknown
voxel,5,13,4.5,0,unknown
voxel,5,14,0.5,0,unknown
voxel,5,14,1.5,0,unknown
voxel,5,14,2.5,0,unknown
voxel,5,14,3.5,0,unknown
voxel,5,14,4.5,0,unknown
voxel,6,-14,0.5,0,unknown
voxel,6,-14,1.5,0,unknown
voxel,6,-14,2.5,0,unknown
voxel,6,-14,3.5,0,unknown
voxel,6,-14,4.5,0,unknown
voxel,6,-13,0.5,0,unknown
voxel,6,-13,1.5,0,unknown
voxel,6,-13,2.5,0,unknown
voxel,6,-13,3.5,0,unknown
voxel,6,-13,4.5,0,unknown
voxel,6,-12,0.5,0,unknown
voxel,6,-12,1.5,0,unknown
voxel,6,-12,2.5,0,unknown
voxel,6,-12,3.5,0,unknown
voxel,6,-12,4.5,0,unknown
voxel,6,-11,0.5,0,unknown
voxel,6,-11,1.5,0,unknown
voxel,6,-11,2.5,0,unknown
voxel,6,-11,3.5,0,unknown
voxel,6,-11,4.5,0,unknown
voxel,6,-10,0.5,0,occupied
voxel,6,-10,1.5,0,occupied
voxel,6,-10,2.5,0,occupied
voxel,6,-10,3.5,0,occupied
voxel,6,-10,4.5,0,unknown
voxel,6,-9,0.5,0,free
voxel,6,-9,1.5,0,unknown
voxel,6,-9,2.5,0,free
voxel,6,-9,3.5,0,unknown
voxel,6,-9,4.5,0,unknown
voxel,6,-8,0.5,0,free
voxel,6,-8,1.5,0,unknown
voxel,6,-8,2.5,0,free
voxel,6,-8,3.5,0,free
voxel,6,-8,4.5,0,unknown
voxel,6,-7,0.5,0,free
voxel,6,-7,1.5,0,free
voxel,6,-7,2.5,0,free
voxel,6,-7,3.5,0,unknown
voxel,6,-7,4.5,0,unknown
voxel,6,-6,0.5,0,free
voxel,6,-6,1.5,0,free
voxel,6,-6,2.5,0,free
voxel,6,-6,3.5,0,unknown
voxel,6,-6,4.5,0,unknown
voxel,6,-5,0.5,0,free
voxel,6,-5,1.5,0,free
voxel,6,-5,2.5,0,free
voxel,6,-5,3.5,0,free
voxel,6,-5,4.5,0,unknown
voxel,6,-4,0.5,0,unknown
voxel,6,-4,1.5,0,unknown
voxel,6,-4,2.5,0,unknown
voxel,6,-4,3.5,0,free
voxel,6,-4,4.5,0,unknown
voxel,6,-3,0.5,0,free
voxel,6,-3,1.5,0,free
voxel,6,-3,2.5,0,free
voxel,6,-3,3.5,0,free
voxel,6,-3,4.5,0,unknown
voxel,6,-2,0.5,0,free
voxel,6,-2,1.5,0,unknown
voxel,6,-2,2.5,0,free
voxel,6,-2,3.5,0,free
voxel,6,-2,4.5,0,unknown
voxel,6,-1,0.5,0,free
voxel,6,-1,1.5,0,unknown
voxel,6,-1,2.5,0,unknown
voxel,6,-1,3.5,0,free
voxel,6,-1,4.5,0,unknown
voxel,6,0,0.5,0,free
voxel,6,0,1.5,0,free
voxel,6,0,2.5,0,free
voxel,6,0,3.5,0,unknown
voxel,6,0,4.5,0,unknown
voxel,6,1,0.5,0,free
voxel,6,1,1.5,0,free
voxel,6,1,2.5,0,free
voxel,6,1,3.5,0,free
voxel,6,1,4.5,0,unknown
voxel,6,2,0.5,0,unknown
voxel,6,2,1.5,0,free
voxel,6,2,2.5,0,free
voxel,6,2,3.5,0,free
voxel,6,2,4.5,0,unknown
voxel,6,3,0.5,0,unknown
voxel,6,3,1.5,0,free
voxel,6,3,2.5,0,unknown
voxel,6,3,3.5,0,free
voxel,6,3,4.5,0,unknown
voxel,6,4,0.5,0,unknown
voxel,6,4,1.5,0,free
voxel,6,4,2.5,0,unknown
voxel,6,4,3.5,0,unknown
voxel,6,4,4.5,0,unknown
voxel,6,5,0.5,0,free
voxel,6,5,1.5,0,free
voxel,6,5,2.5,0,free
voxel,6,5,3.5,0,free
voxel,6,5,4.5,0,unknown
voxel,6,6,0.5,0,free
voxel,6,6,1.5,0,free
voxel,6,6,2.5,0,free
voxel,6,6,3.5,0,free
voxel,6,6,4.5,0,unknown
voxel,6,7,0.5,0,unknown
voxel,6,7,1.5,0,unknown
voxel,6,7,2.5,0,unknown
voxel,6,7,3.5,0,free
voxel,6,7,4.5,0,unknown
voxel,6,8,0.5,0,unknown
voxel,6,8,1.5,0,unknown
voxel,6,8,2.5,0,unknown
voxel,6,8,3.5,0,free
voxel,6,8,4.5,0,unknown
voxel,6,9,0.5,0,free
voxel,6,9,1.5,0,free
voxel,6,9,2.5,0,free
voxel,6,9,3.5,0,free
voxel,6,9,4.5,0,unknown
voxel,6,10,0.5,0,occupied
voxel,6,10,1.5,0,occupied
voxel,6,10,2.5,0,occupied
voxel,6,10,3.5,0,occupied
voxel,6,10,4.5,0,unknown
voxel,6,11,0.5,0,unknown
voxel,6,11,1.5,0,unknown
voxel,6,11,2.5,0,unknown
voxel,6,11,3.5,0,unknown
voxel,6,11,4.5,0,unknown
voxel,6,12,0.5,0,unknown
voxel,6,12,1.5,0,unknown
voxel,6,12,2.5,0,unknown
voxel,6,12,3.5,0,unknown
voxel,6,12,4.5,0,unknown
voxel,6,13,0.5,0,unknown
voxel,6,13,1.5,0,unknown
voxel,6,13,2.5,0,unknown
voxel,6,13,3.5,0,unknown
voxel,6,13,4.5,0,unknown
voxel,6,14,0.5,0,unknown
voxel,6,14,1.5,0,unknown
voxel,6,14,2.5,0,unknown
voxel,6,14,3.5,0,unknown
voxel,6,14,4.5,0,unknown
voxel,7,-14,0.5,0,unknown
voxel,7,-14,1.5,0,unknown
voxel,7,-14,2.5,0,unknown
voxel,7,-14,3.5,0,unknown
voxel,7,-14,4.5,0,unknown
voxel,7,-13,0.5,0,unknown
voxel,7,-13,1.5,0,unknown
voxel,7,-13,2.5,0,unknown
voxel,7,-13,3.5,0,unknown
voxel,7,-13,4.5,0,unknown
voxel,7,-12,0.5,0,unknown
voxel,7,-12,1.5,0,unknown
voxel,7,-12,2.5,0,unknown
voxel,7,-12,3.5,0,unknown
voxel,7,-12,4.5,0,unknown
voxel,7,-11,0.5,0,unknown
voxel,7,-11,1.5,0,unknown
voxel,7,-11,2.5,0,unknown
voxel,7,-11,3.5,0,unknown
voxel,7,-11,4.5,0,unknown
voxel,7,-10,0.5,0,free
voxel,7,-10,1.5,0,unknown
voxel,7,-10,2.5,0,occupied
voxel,7,-10,3.5,0,free
voxel,7,-10,4.5,0,unknown
voxel,7,-9,0.5,0,free
voxel,7,-9,1.5,0,free
voxel,7,-9,2.5,0,free
voxel,7,-9,3.5,0,free
voxel,7,-9,4.5,0,unknown
voxel,7,-8,0.5,0,free
voxel,7,-8,1.5,0,free
voxel,7,-8,2.5,0,free
voxel,7,-8,3.5,0,free
voxel,7,-8,4.5,0,unknown
voxel,7,-7,0.5,0,free
voxel,7,-7,1.5,0,free
voxel,7,-7,2.5,0,free
voxel,7,-7,3.5,0,unknown
voxel,7,-7,4.5,0,unknown
voxel,7,-6,0.5,0,free
voxel,7,-6,1.5,0,free
voxel,7,-6,2.5,0,free
voxel,7,-6,3.5,0,unknown
voxel,7,-6,4.5,0,unknown
voxel,7,-5,0.5,0,free
voxel,7,-5,1.5,0,unknown
voxel,7,-5,2.5,0,free
voxel,7,-5,3.5,0,free
voxel,7,-5,4.5,0,unknown
voxel,7,-4,0.5,0,free
voxel,7,-4,1.5,0,free
voxel,7,-4,2.5,0,free
voxel,7,-4,3.5,0,unknown
voxel,7,-4,4.5,0,unknown
voxel,7,-3,0.5,0,free
voxel,7,-3,1.5,0,free
voxel,7,-3,2.5,0,free
voxel,7,-3,3.5,0,free
voxel,7,-3,4.5,0,unknown
voxel,7,-2,0.5,0,unknown
voxel,7,-2,1.5,0,unknown
voxel,7,-2,2.5,0,free
voxel,7,-2,3.5,0,free
voxel,7,-2,4.5,0,unknown
voxel,7,-1,0.5,0,free
voxel,7,-1,1.5,0,free
voxel,7,-1,2.5,0,free
voxel,7,-1,3.5,0,free
voxel,7,-1,4.5,0,unknown
voxel,7,0,0.5,0,free
voxel,7,0,1.5,0,free
voxel,7,0,2.5,0,free
voxel,7,0,3.5,0,unknown
voxel,7,0,4.5,0,unknown
voxel,7,1,0.5,0,free
voxel,7,1,1.5,0,unknown
voxel,7,1,2.5,0,unknown
voxel,7,1,3.5,0,free
voxel,7,1,4.5,0,unknown
voxel,7,2,0.5,0,free
voxel,7,2,1.5,0,free
voxel,7,2,2.5,0,free
voxel,7,2,3.5,0,free
voxel,7,2,4.5,0,unknown
voxel,7,3,0.5,0,unknown
voxel,7,3,1.5,0,unknown
voxel,7,3,2.5,0,free
voxel,7,3,3.5,0,unknown
voxel,7,3,4.5,0,unknown
voxel,7,4,0.5,0,unknown
voxel,7,4,1.5,0,unknown
voxel,7,4,2.5,0,unknown
voxel,7,4,3.5,0,unknown
voxel,7,4,4.5,0,unknown
voxel,7,5,0.5,0,free
voxel,7,5,1.5,0,free
voxel,7,5,2.5,0,free
voxel,7,5,3.5,0,unknown
voxel,7,5,4.5,0,unknown
voxel,7,6,0.5,0,free
voxel,7,6,1.5,0,free
voxel,7,6,2.5,0,free
voxel,7,6,3.5,0,free
voxel,7,6,4.5,0,unknown
voxel,7,7,0.5,0,unknown
voxel,7,7,1.5,0,unknown
voxel,7,7,2.5,0,unknown
voxel,7,7,3.5,0,free
voxel,7,7,4.5,0,unknown
voxel,7,8,0.5,0,free
voxel,7,8,1.5,0,unknown
voxel,7,8,2.5,0,free
voxel,7,8,3.5,0,free
voxel,7,8,4.5,0,unknown
voxel,7,9,0.5,0,free
voxel,7,9,1.5,0,unknown
voxel,7,9,2.5,0,free
voxel,7,9,3.5,0,free
voxel,7,9,4.5,0,unknown
voxel,7,10,0.5,0,occupied
voxel,7,10,1.5,0,occupied
voxel,7,10,2.5,0,occupied
voxel,7,10,3.5,0,occupied
voxel,7,10,4.5,0,unknown
voxel,7,11,0.5,0,unknown
voxel,7,11,1.5,0,unknown
voxel,7,11,2.5,0,unknown
voxel,7,11,3.5,0,unknown
voxel,7,11,4.5,0,unknown
voxel,7,12,0.5,0,unknown
voxel,7,12,1.5,0,unknown
voxel,7,12,2.5,0,unknown
voxel,7,12,3.5,0,unknown
voxel,7,12,4.5,0,unknown
voxel,7,13,0.5,0,unknown
voxel,7,13,1.5,0,unknown
voxel,7,13,2.5,0,unknown
voxel,7,13,3.5,0,unknown
voxel,7,13,4.5,0,unknown
voxel,7,14,0.5,0,unknown
voxel,7,14,1.5,0,unknown
voxel,7,14,2.5,0,unknown
voxel,7,14,3.5,0,unknown
voxel,7,14,4.5,0,unknown
voxel,8,-14,0.5,0,unknown
voxel,8,-14,1.5,0,unknown
voxel,8,-14,2.5,0,unknown
voxel,8,-14,3.5,0,unknown
voxel,8,-14,4.5,0,unknown
voxel,8,-13,0.5,0,unknown
voxel,8,-13,1.5,0,unknown
voxel,8,-13,2.5,0,unknown
voxel,8,-13,3.5,0,unknown
voxel,8,-13,4.5,0,unknown
voxel,8,-12,0.5,0,unknown
voxel,8,-12,1.5,0,unknown
voxel,8,-12,2.5,0,unknown
voxel,8,-12,3.5,0,unknown
voxel,8,-12,4.5,0,unknown
voxel,8,-11,0.5,0,unknown
voxel,8,-11,1.5,0,unknown
voxel,8,-11,2.5,0,unknown
voxel,8,-11,3.5,0,unknown
voxel,8,-11,4.5,0,unknown
voxel,8,-10,0.5,0,unknown
voxel,8,-10,1.5,0,unknown
voxel,8,-10,2.5,0,occupied
voxel,8,-10,3.5,0,occupied
voxel,8,-10,4.5,0,unknown
voxel,8,-9,0.5,0,unknown
voxel,8,-9,1.5,0,unknown
voxel,8,-9,2.5,0,free
voxel,8,-9,3.5,0,free
voxel,8,-9,4.5,0,unknown
voxel,8,-8,0.5,0,free
voxel,8,-8,1.5,0,free
voxel,8,-8,2.5,0,free
voxel,8,-8,3.5,0,free
voxel,8,-8,4.5,0,unknown
voxel,8,-7,0.5,0,unknown
voxel,8,-7,1.5,0,unknown
voxel,8,-7,2.5,0,free
voxel,8,-7,3.5,0,free
voxel,8,-7,4.5,0,unknown
voxel,8,-6,0.5,0,unknown
voxel,8,-6,1.5,0,unknown
voxel,8,-6,2.5,0,unknown
voxel,8,-6,3.5,0,free
voxel,8,-6,4.5,0,unknown
voxel,8,-5,0.5,0,unknown
voxel,8,-5,1.5,0,unknown
voxel,8,-5,2.5,0,free
voxel,8,-5,3.5,0,free
voxel,8,-5,4.5,0,unknown
voxel,8,-4,0.5,0,free
voxel,8,-4,1.5,0,free
voxel,8,-4,2.5,0,free
voxel,8,-4,3.5,0,free
voxel,8,-4,4.5,0,unknown
voxel,8,-3,0.5,0,unknown
voxel,8,-3,1.5,0,unknown
voxel,8,-3,2.5,0,unknown
voxel,8,-3,3.5,0,free
voxel,8,-3,4.5,0,unknown
voxel,8,-2,0.5,0,free
voxel,8,-2,1.5,0,free
voxel,8,-2,2.5,0,unknown
voxel,8,-2,3.5,0,free
voxel,8,-2,4.5,0,unknown
voxel,8,-1,0.5,0,unknown
voxel,8,-1,1.5,0,unknown
voxel,8,-1,2.5,0,unknown
voxel,8,-1,3.5,0,free
voxel,8,-1,4.5,0,unknown
voxel,8,0,0.5,0,free
voxel,8,0,1.5,0,free
voxel,8,0,2.5,0,free
voxel,8,0,3.5,0,free
voxel,8,0,4.5,0,unknown
voxel,8,1,0.5,0,unknown
voxel,8,1,1.5,0,free
voxel,8,1,2.5,0,unknown
voxel,8,1,3.5,0,unknown
voxel,8,1,4.5,0,unknown
voxel,8,2,0.5,0,unknown
voxel,8,2,1.5,0,unknown
voxel,8,2,2.5,0,unknown
voxel,8,2,3.5,0,unknown
voxel,8,2,4.5,0,unknown
voxel,8,3,0.5,0,unknown
voxel,8,3,1.5,0,unknown
voxel,8,3,2.5,0,unknown
voxel,8,3,3.5,0,free
voxel,8,3,4.5,0,unknown
voxel,8,4,0.5,0,free
voxel,8,4,1.5,0,free
voxel,8,4,2.5,0,free
voxel,8,4,3.5,0,free
voxel,8,4,4.5,0,unknown
voxel,8,5,0.5,0,free
voxel,8,5,1.5,0,free
voxel,8,5,2.5,0,free
voxel,8,5,3.5,0,free
voxel,8,5,4.5,0,unknown
voxel,8,6,0.5,0,free
voxel,8,6,1.5,0,free
voxel,8,6,2.5,0,free
voxel,8,6,3.5,0,free
voxel,8,6,4.5,0,unknown
voxel,8,7,0.5,0,free
voxel,8,7,1.5,0,free
voxel,8,7,2.5,0,free
voxel,8,7,3.5,0,free
voxel,8,7,4.5,0,unknown
voxel,8,8,0.5,0,free
voxel,8,8,1.5,0,unknown
voxel,8,8,2.5,0,free
voxel,8,8,3.5,0,free
voxel,8,8,4.5,0,unknown
voxel,8,9,0.5,0,free
voxel,8,9,1.5,0,unknown
voxel,8,9,2.5,0,free
voxel,8,9,3.5,0,free
voxel,8,9,4.5,0,unknown
voxel,8,10,0.5,0,occupied
voxel,8,10,1.5,0,occupied
voxel,8,10,2.5,0,occupied
voxel,8,10,3.5,0,occupied
voxel,8,10,4.5,0,unknown
voxel,8,11,0.5,0,unknown
voxel,8,11,1.5,0,unknown
voxel,8,11,2.5,0,unknown
voxel,8,11,3.5,0,unknown
voxel,8,11,4.5,0,unknown
voxel,8,12,0.5,0,unknown
voxel,8,12,1.5,0,unknown
voxel,8,12,2.5,0,unknown
voxel,8,12,3.5,0,unknown
voxel,8,12,4.5,0,unknown
voxel,8,13,0.5,0,unknown
voxel,8,13,1.5,0,unknown
voxel,8,13,2.5,0,unknown
voxel,8,13,3.5,0,unknown
voxel,8,13,4.5,0,unknown
voxel,8,14,0.5,0,unknown
voxel,8,14,1.5,0,unknown
voxel,8,14,2.5,0,unknown
voxel,8,14,3.5,0,unknown
voxel,8,14,4.5,0,unknown
voxel,9,-14,0.5,0,unknown
voxel,9,-14,1.5,0,unknown
voxel,9,-14,2.5,0,unknown
voxel,9,-14,3.5,0,unknown
voxel,9,-14,4.5,0,unknown
voxel,9,-13,0.5,0,unknown
voxel,9,-13,1.5,0,unknown
voxel,9,-13,2.5,0,unknown
voxel,9,-13,3.5,0,unknown
voxel,9,-13,4.5,0,unknown
voxel,9,-12,0.5,0,unknown
voxel,9,-12,1.5,0,unknown
voxel,9,-12,2.5,0,unknown
voxel,9,-12,3.5,0,unknown
voxel,9,-12,4.5,0,unknown
voxel,9,-11,0.5,0,unknown
voxel,9,-11,1.5,0,unknown
voxel,9,-11,2.5,0,unknown
voxel,9,-11,3.5,0,unknown
voxel,9,-11,4.5,0,unknown
voxel,9,-10,0.5,0,unknown
voxel,9,-10,1.5,0,unknown
voxel,9,-10,2.5,0,occupied
voxel,9,-10,3.5,0,occupied
voxel,9,-10,4.5,0,unknown
voxel,9,-9,0.5,0,unknown
voxel,9,-9,1.5,0,unknown
voxel,9,-9,2.5,0,free
voxel,9,-9,3.5,0,free
voxel,9,-9,4.5,0,unknown
voxel,9,-8,0.5,0,unknown
voxel,9,-8,1.5,0,unknown
voxel,9,-8,2.5,0,free
voxel,9,-8,3.5,0,free
voxel,9,-8,4.5,0,unknown
voxel,9,-7,0.5,0,free
voxel,9,-7,1.5,0,free
voxel,9,-7,2.5,0,free
voxel,9,-7,3.5,0,free
voxel,9,-7,4.5,0,unknown
voxel,9,-6,0.5,0,unknown
voxel,9,-6,1.5,0,unknown
voxel,9,-6,2.5,0,unknown
voxel,9,-6,3.5,0,unknown
voxel,9,-6,4.5,0,unknown
voxel,9,-5,0.5,0,free
voxel,9,-5,1.5,0,free
voxel,9,-5,2.5,0,unknown
voxel,9,-5,3.5,0,unknown
voxel,9,-5,4.5,0,unknown
voxel,9,-4,0.5,0,unknown
voxel,9,-4,1.5,0,unknown
voxel,9,-4,2.5,0,free
voxel,9,-4,3.5,0,free
voxel,9,-4,4.5,0,unknown
voxel,9,-3,0.5,0,free
voxel,9,-3,1.5,0,unknown
voxel,9,-3,2.5,0,free
voxel,9,-3,3.5,0,free
voxel,9,-3,4.5,0,unknown
voxel,9,-2,0.5,0,unknown
voxel,9,-2,1.5,0,free
voxel,9,-2,2.5,0,free
voxel,9,-2,3.5,0,unknown
voxel,9,-2,4.5,0,unknown
voxel,9,-1,0.5,0,unknown
voxel,9,-1,1.5,0,unknown
voxel,9,-1,2.5,0,free
voxel,9,-1,3.5,0,unknown
voxel,9,-1,4.5,0,unknown
voxel,9,0,0.5,0,unknown
voxel,9,0,1.5,0,unknown
voxel,9,0,2.5,0,free
voxel,9,0,3.5,0,free
voxel,9,0,4.5,0,unknown
voxel,9,1,0.5,0,free
voxel,9,1,1.5,0,free
voxel,9,1,2.5,0,free
voxel,9,1,3.5,0,unknown
voxel,9,1,4.5,0,unknown
voxel,9,2,0.5,0,free
voxel,9,2,1.5,0,free
voxel,9,2,2.5,0,unknown
voxel,9,2,3.5,0,unknown
voxel,9,2,4.5,0,unknown
voxel,9,3,0.5,0,free
voxel,9,3,1.5,0,free
voxel,9,3,2.5,0,free
voxel,9,3,3.5,0,free
voxel,9,3,4.5,0,unknown
voxel,9,4,0.5,0,free
voxel,9,4,1.5,0,free
voxel,9,4,2.5,0,free
voxel,9,4,3.5,0,free
voxel,9,4,4.5,0,unknown
voxel,9,5,0.5,0,free
voxel,9,5,1.5,0,free
voxel,9,5,2.5,0,free
voxel,9,5,3.5,0,free
voxel,9,5,4.5,0,unknown
voxel,9,6,0.5,0,free
voxel,9,6,1.5,0,free
voxel,9,6,2.5,0,free
voxel,9,6,3.5,0,unknown
voxel,9,6,4.5,0,unknown
voxel,9,7,0.5,0,free
voxel,9,7,1.5,0,free
voxel,9,7,2.5,0,free
voxel,9,7,3.5,0,unknown
voxel,9,7,4.5,0,unknown
voxel,9,8,0.5,0,free
voxel,9,8,1.5,0,free
voxel,9,8,2.5,0,free
voxel,9,8,3.5,0,free
voxel,9,8,4.5,0,unknown
voxel,9,9,0.5,0,free
voxel,9,9,1.5,0,unknown
voxel,9,9,2.5,0,free
voxel,9,9,3.5,0,unknown
voxel,9,9,4.5,0,unknown
voxel,9,10,0.5,0,occupied
voxel,9,10,1.5,0,occupied
voxel,9,10,2.5,0,occupied
voxel,9,10,3.5,0,occupied
voxel,9,10,4.5,0,unknown
voxel,9,11,0.5,0,unknown
voxel,9,11,1.5,0,unknown
voxel,9,11,2.5,0,unknown
voxel,9,11,3.5,0,unknown
voxel,9,11,4.5,0,unknown
voxel,9,12,0.5,0,unknown
voxel,9,12,1.5,0,unknown
voxel,9,12,2.5,0,unknown
voxel,9,12,3.5,0,unknown
voxel,9,12,4.5,0,unknown
voxel,9,13,0.5,0,unknown
voxel,9,13,1.5,0,unknown
voxel,9,13,2.5,0,unknown
voxel,9,13,3.5,0,unknown
voxel,9,13,4.5,0,unknown
voxel,9,14,0.5,0,unknown
voxel,9,14,1.5,0,unknown
voxel,9,14,2.5,0,unknown
voxel,9,14,3.5,0,unknown
voxel,9,14,4.5,0,unknown
voxel,10,-14,0.5,0,unknown
voxel,10,-14,1.5,0,unknown
voxel,10,-14,2.5,0,unknown
voxel,10,-14,3.5,0,unknown
voxel,10,-14,4.5,0,unknown
voxel,10,-13,0.5,0,unknown
voxel,10,-13,1.5,0,unknown
voxel,10,-13,2.5,0,unknown
voxel,10,-13,3.5,0,unknown
voxel,10,-13,4.5,0,unknown
voxel,10,-12,0.5,0,unknown
voxel,10,-12,1.5,0,unknown
voxel,10,-12,2.5,0,unknown
voxel,10,-12,3.5,0,unknown
voxel,10,-12,4.5,0,unknown
voxel,10,-11,0.5,0,unknown
voxel,10,-11,1.5,0,unknown
voxel,10,-11,2.5,0,unknown
voxel,10,-11,3.5,0,unknown
voxel,10,-11,4.5,0,unknown
voxel,10,-10,0.5,0,unknown
voxel,10,-10,1.5,0,unknown
voxel,10,-10,2.5,0,unknown
voxel,10,-10,3.5,0,occupied
voxel,10,-10,4.5,0,unknown
voxel,10,-9,0.5,0,unknown
voxel,10,-9,1.5,0,unknown
voxel,10,-9,2.5,0,occupied
voxel,10,-9,3.5,0,occupied
voxel,10,-9,4.5,0,unknown
voxel,10,-8,0.5,0,unknown
voxel,10,-8,1.5,0,unknown
voxel,10,-8,2.5,0,occupied
voxel,10,-8,3.5,0,occupied
voxel,10,-8,4.5,0,unknown
voxel,10,-7,0.5,0,unknown
voxel,10,-7,1.5,0,unknown
voxel,10,-7,2.5,0,free
voxel,10,-7,3.5,0,free
voxel,10,-7,4.5,0,unknown
voxel,10,-6,0.5,0,free
voxel,10,-6,1.5,0,free
voxel,10,-6,2.5,0,free
voxel,10,-6,3.5,0,unknown
voxel,10,-6,4.5,0,unknown
voxel,10,-5,0.5,0,occupied
voxel,10,-5,1.5,0,occupied
voxel,10,-5,2.5,0,unknown
voxel,10,-5,3.5,0,occupied
voxel,10,-5,4.5,0,unknown
voxel,10,-4,0.5,0,occupied
voxel,10,-4,1.5,0,occupied
voxel,10,-4,2.5,0,occupied
voxel,10,-4,3.5,0,unknown
voxel,10,-4,4.5,0,unknown
voxel,10,-3,0.5,0,free
voxel,10,-3,1.5,0,free
voxel,10,-3,2.5,0,free
voxel,10,-3,3.5,0,free
voxel,10,-3,4.5,0,unknown
voxel,10,-2,0.5,0,occupied
voxel,10,-2,1.5,0,occupied
voxel,10,-2,2.5,0,occupied
voxel,10,-2,3.5,0,occupied
voxel,10,-2,4.5,0,unknown
voxel,10,-1,0.5,0,unknown
voxel,10,-1,1.5,0,unknown
voxel,10,-1,2.5,0,occupied
voxel,10,-1,3.5,0,free
voxel,10,-1,4.5,0,unknown
voxel,10,0,0.5,0,occupied
voxel,10,0,1.5,0,occupied
voxel,10,0,2.5,0,occupied
voxel,10,0,3.5,0,occupied
voxel,10,0,4.5,0,unknown
voxel,10,1,0.5,0,occupied
voxel,10,1,1.5,0,occupied
voxel,10,1,2.5,0,occupied
voxel,10,1,3.5,0,occupied
voxel,10,1,4.5,0,unknown
voxel,10,2,0.5,0,occupied
voxel,10,2,1.5,0,occupied
voxel,10,2,2.5,0,occupied
voxel,10,2,3.5,0,occupied
voxel,10,2,4.5,0,unknown
voxel,10,3,0.5,0,occupied
voxel,10,3,1.5,0,occupied
voxel,10,3,2.5,0,occupied
voxel,10,3,3.5,0,occupied
voxel,10,3,4.5,0,unknown
voxel,10,4,0.5,0,occupied
voxel,10,4,1.5,0,occupied
voxel,10,4,2.5,0,occupied
voxel,10,4,3.5,0,occupied
voxel,10,4,4.5,0,unknown
voxel,10,5,0.5,0,occupied
voxel,10,5,1.5,0,occupied
voxel,10,5,2.5,0,occupied
voxel,10,5,3.5,0,occupied
voxel,10,5,4.5,0,unknown
voxel,10,6,0.5,0,occupied
voxel,10,6,1.5,0,occupied
voxel,10,6,2.5,0,occupied
voxel,10,6,3.5,0,occupied
voxel,10,6,4.5,0,unknown
voxel,10,7,0.5,0,occupied
voxel,10,7,1.5,0,occupied
voxel,10,7,2.5,0,occupied
voxel,10,7,3.5,0,occupied
voxel,10,7,4.5,0,unknown
voxel,10,8,0.5,0,occupied
voxel,10,8,1.5,0,occupied
voxel,10,8,2.5,0,occupied
voxel,10,8,3.5,0,occupied
voxel,10,8,4.5,0,unknown
voxel,10,9,0.5,0,occupied
voxel,10,9,1.5,0,occupied
voxel,10,9,2.5,0,occupied
voxel,10,9,3.5,0,occupied
voxel,10,9,4.5,0,unknown
voxel,10,10,0.5,0,occupied
voxel,10,10,1.5,0,occupied
voxel,10,10,2.5,0,occupied
voxel,10,10,3.5,0,occupied
voxel,10,10,4.5,0,unknown
voxel,10,11,0.5,0,unknown
voxel,10,11,1.5,0,unknown
voxel,10,11,2.5,0,unknown
voxel,10,11,3.5,0,unknown
voxel,10,11,4.5,0,unknown
voxel,10,12,0.5,0,unknown
voxel,10,12,1.5,0,unknown
voxel,10,12,2.5,0,unknown
voxel,10,12,3.5,0,unknown
voxel,10,12,4.5,0,unknown
voxel,10,13,0.5,0,unknown
voxel,10,13,1.5,0,unknown
voxel,10,13,2.5,0,unknown
voxel,10,13,3.5,0,unknown
voxel,10,13,4.5,0,unknown
voxel,10,14,0.5,0,unknown
voxel,10,14,1.5,0,unknown
voxel,10,14,2.5,0,unknown
voxel,10,14,3.5,0,unknown
voxel,10,14,4.5,0,unknown
voxel,11,-14,0.5,0,unknown
voxel,11,-14,1.5,0,unknown
voxel,11,-14,2.5,0,unknown
voxel,11,-14,3.5,0,unknown
voxel,11,-14,4.5,0,unknown
voxel,11,-13,0.5,0,unknown
voxel,11,-13,1.5,0,unknown
voxel,11,-13,2.5,0,unknown
voxel,11,-13,3.5,0,unknown
voxel,11,-13,4.5,0,unknown
voxel,11,-12,0.5,0,unknown
voxel,11,-12,1.5,0,unknown
voxel,11,-12,2.5,0,unknown
voxel,11,-12,3.5,0,unknown
voxel,11,-12,4.5,0,unknown
voxel,11,-11,0.5,0,unknown
voxel,11,-11,1.5,0,unknown
voxel,11,-11,2.5,0,unknown
voxel,11,-11,3.5,0,unknown
voxel,11,-11,4.5,0,unknown
voxel,11,-10,0.5,0,unknown
voxel,11,-10,1.5,0,unknown
voxel,11,-10,2.5,0,unknown
voxel,11,-10,3.5,0,unknown
voxel,11,-10,4.5,0,unknown
voxel,11,-9,0.5,0,unknown
voxel,11,-9,1.5,0,unknown
voxel,11,-9,2.5,0,unknown
voxel,11,-9,3.5,0,unknown
voxel,11,-9,4.5,0,unknown
voxel,11,-8,0.5,0,unknown
voxel,11,-8,1.5,0,unknown
voxel,11,-8,2.5,0,unknown
voxel,11,-8,3.5,0,unknown
voxel,11,-8,4.5,0,unknown
voxel,11,-7,0.5,0,unknown
voxel,11,-7,1.5,0,unknown
voxel,11,-7,2.5,0,unknown
voxel,11,-7,3.5,0,unknown
voxel,11,-7,4.5,0,unknown
voxel,11,-6,0.5,0,unknown
voxel,11,-6,1.5,0,unknown
voxel,11,-6,2.5,0,unknown
voxel,11,-6,3.5,0,unknown
voxel,11,-6,4.5,0,unknown
voxel,11,-5,0.5,0,unknown
voxel,11,-5,1.5,0,unknown
voxel,11,-5,2.5,0,unknown
voxel,11,-5,3.5,0,unknown
voxel,11,-5,4.5,0,unknown
voxel,11,-4,0.5,0,unknown
voxel,11,-4,1.5,0,unknown
voxel,11,-4,2.5,0,unknown
voxel,11,-4,3.5,0,unknown
voxel,11,-4,4.5,0,unknown
voxel,11,-3,0.5,0,unknown
voxel,11,-3,1.5,0,unknown
voxel,11,-3,2.5,0,unknown
voxel,11,-3,3.5,0,unknown
voxel,11,-3,4.5,0,unknown
voxel,11,-2,0.5,0,unknown
voxel,11,-2,1.5,0,unknown
voxel,11,-2,2.5,0,unknown
voxel,11,-2,3.5,0,unknown
voxel,11,-2,4.5,0,unknown
voxel,11,-1,0.5,0,unknown
voxel,11,-1,1.5,0,unknown
voxel,11,-1,2.5,0,unknown
voxel,11,-1,3.5,0,unknown
voxel,11,-1,4.5,0,unknown
voxel,11,0,0.5,0,unknown
voxel,11,0,1.5,0,unknown
voxel,11,0,2.5,0,unknown
voxel,11,0,3.5,0,unknown
voxel,11,0,4.5,0,unknown
voxel,11,1,0.5,0,unknown
voxel,11,1,1.5,0,unknown
voxel,11,1,2.5,0,unknown
voxel,11,1,3.5,0,unknown
voxel,11,1,4.5,0,unknown
voxel,11,2,0.5,0,unknown
voxel,11,2,1.5,0,unknown
voxel,11,2,2.5,0,unknown
voxel,11,2,3.5,0,unknown
voxel,11,2,4.5,0,unknown
voxel,11,3,0.5,0,unknown
voxel,11,3,1.5,0,unknown
voxel,11,3,2.5,0,unknown
voxel,11,3,3.5,0,unknown
voxel,11,3,4.5,0,unknown
voxel,11,4,0.5,0,unknown
voxel,11,4,1.5,0,unknown
voxel,11,4,2.5,0,unknown
voxel,11,4,3.5,0,unknown
voxel,11,4,4.5,0,unknown
voxel,11,5,0.5,0,unknown
voxel,11,5,1.5,0,unknown
voxel,11,5,2.5,0,unknown
voxel,11,5,3.5,0,unknown
voxel,11,5,4.5,0,unknown
voxel,11,6,0.5,0,unknown
voxel,11,6,1.5,0,unknown
voxel,11,6,2.5,0,unknown
voxel,11,6,3.5,0,unknown
voxel,11,6,4.5,0,unknown
voxel,11,7,0.5,0,unknown
voxel,11,7,1.5,0,unknown
voxel,11,7,2.5,0,unknown
voxel,11,7,3.5,0,unknown
voxel,11,7,4.5,0,unknown
voxel,11,8,0.5,0,unknown
voxel,11,8,1.5,0,unknown
voxel,11,8,2.5,0,unknown
voxel,11,8,3.5,0,unknown
voxel,11,8,4.5,0,unknown
voxel,11,9,0.5,0,unknown
voxel,11,9,1.5,0,unknown
voxel,11,9,2.5,0,unknown
voxel,11,9,3.5,0,unknown
voxel,11,9,4.5,0,unknown
voxel,11,10,0.5,0,unknown
voxel,11,10,1.5,0,unknown
voxel,11,10,2.5,0,unknown
voxel,11,10,3.5,0,unknown
voxel,11,10,4.5,0,unknown
voxel,11,11,0.5,0,unknown
voxel,11,11,1.5,0,unknown
voxel,11,11,2.5,0,unknown
voxel,11,11,3.5,0,unknown
voxel,11,11,4.5,0,unknown
voxel,11,12,0.5,0,unknown
voxel,11,12,1.5,0,unknown
voxel,11,12,2.5,0,unknown
voxel,11,12,3.5,0,unknown
voxel,11,12,4.5,0,unknown
voxel,11,13,0.5,0,unknown
voxel,11,13,1.5,0,unknown
voxel,11,13,2.5,0,unknown
voxel,11,13,3.5,0,unknown
voxel,11,13,4.5,0,unknown
voxel,11,14,0.5,0,unknown
voxel,11,14,1.5,0,unknown
voxel,11,14,2.5,0,unknown
voxel,11,14,3.5,0,unknown
voxel,11,14,4.5,0,unknown
voxel,12,-14,0.5,0,unknown
voxel,12,-14,1.5,0,unknown
voxel,12,-14,2.5,0,unknown
voxel,12,-14,3.5,0,unknown
voxel,12,-14,4.5,0,unknown
voxel,12,-13,0.5,0,unknown
voxel,12,-13,1.5,0,unknown
voxel,12,-13,2.5,0,unknown
voxel,12,-13,3.5,0,unknown
voxel,12,-13,4.5,0,unknown
voxel,12,-12,0.5,0,unknown
voxel,12,-12,1.5,0,unknown
voxel,12,-12,2.5,0,unknown
voxel,12,-12,3.5,0,unknown
voxel,12,-12,4.5,0,unknown
voxel,12,-11,0.5,0,unknown
voxel,12,-11,1.5,0,unknown
voxel,12,-11,2.5,0,unknown
voxel,12,-11,3.5,0,unknown
voxel,12,-11,4.5,0,unknown
voxel,12,-10,0.5,0,unknown
voxel,12,-10,1.5,0,unknown
voxel,12,-10,2.5,0,unknown
voxel,12,-10,3.5,0,unknown
voxel,12,-10,4.5,0,unknown
voxel,12,-9,0.5,0,unknown
voxel,12,-9,1.5,0,unknown
voxel,12,-9,2.5,0,unknown
voxel,12,-9,3.5,0,unknown
voxel,12,-9,4.5,0,unknown
voxel,12,-8,0.5,0,unknown
voxel,12,-8,1.5,0,unknown
voxel,12,-8,2.5,0,unknown
voxel,12,-8,3.5,0,unknown
voxel,12,-8,4.5,0,unknown
voxel,12,-7,0.5,0,unknown
voxel,12,-7,1.5,0,unknown
voxel,12,-7,2.5,0,unknown
voxel,12,-7,3.5,0,unknown
voxel,12,-7,4.5,0,unknown
voxel,12,-6,0.5,0,unknown
voxel,12,-6,1.5,0,unknown
voxel,12,-6,2.5,0,unknown
voxel,12,-6,3.5,0,unknown
voxel,12,-6,4.5,0,unknown
voxel,12,-5,0.5,0,unknown
voxel,12,-5,1.5,0,unknown
voxel,12,-5,2.5,0,unknown
voxel,12,-5,3.5,0,unknown
voxel,12,-5,4.5,0,unknown
voxel,12,-4,0.5,0,unknown
voxel,12,-4,1.5,0,unknown
voxel,12,-4,2.5,0,unknown
voxel,12,-4,3.5,0,unknown
voxel,12,-4,4.5,0,unknown
voxel,12,-3,0.5,0,unknown
voxel,12,-3,1.5,0,unknown
voxel,12,-3,2.5,0,unknown
voxel,12,-3,3.5,0,unknown
voxel,12,-3,4.5,0,unknown
voxel,12,-2,0.5,0,unknown
voxel,12,-2,1.5,0,unknown
voxel,12,-2,2.5,0,unknown
voxel,12,-2,3.5,0,unknown
voxel,12,-2,4.5,0,unknown
voxel,12,-1,0.5,0,unknown
voxel,12,-1,1.5,0,unknown
voxel,12,-1,2.5,0,unknown
voxel,12,-1,3.5,0,unknown
voxel,12,-1,4.5,0,unknown
voxel,12,0,0.5,0,unknown
voxel,12,0,1.5,0,unknown
voxel,12,0,2.5,0,unknown
voxel,12,0,3.5,0,unknown
voxel,12,0,4.5,0,unknown
voxel,12,1,0.5,0,unknown
voxel,12,1,1.5,0,unknown
voxel,12,1,2.5,0,unknown
voxel,12,1,3.5,0,unknown
voxel,12,1,4.5,0,unknown
voxel,12,2,0.5,0,unknown
voxel,12,2,1.5,0,unknown
voxel,12,2,2.5,0,unknown
voxel,12,2,3.5,0,unknown
voxel,12,2,4.5,0,unknown
voxel,12,3,0.5,0,unknown
voxel,12,3,1.5,0,unknown
voxel,12,3,2.5,0,unknown
voxel,12,3,3.5,0,unknown
voxel,12,3,4.5,0,unknown
voxel,12,4,0.5,0,unknown
voxel,12,4,1.5,0,unknown
voxel,12,4,2.5,0,unknown
voxel,12,4,3.5,0,unknown
voxel,12,4,4.5,0,unknown
voxel,12,5,0.5,0,unknown
voxel,12,5,1.5,0,unknown
voxel,12,5,2.5,0,unknown
voxel,12,5,3.5,0,unknown
voxel,12,5,4.5,0,unknown
voxel,12,6,0.5,0,unknown
voxel,12,6,1.5,0,unknown
voxel,12,6,2.5,0,unknown
voxel,12,6,3.5,0,unknown
voxel,12,6,4.5,0,unknown
voxel,12,7,0.5,0,unknown
voxel,12,7,1.5,0,unknown
voxel,12,7,2.5,0,unknown
voxel,12,7,3.5,0,unknown
voxel,12,7,4.5,0,unknown
voxel,12,8,0.5,0,unknown
voxel,12,8,1.5,0,unknown
voxel,12,8,2.5,0,unknown
voxel,12,8,3.5,0,unknown
voxel,12,8,4.5,0,unknown
voxel,12,9,0.5,0,unknown
voxel,12,9,1.5,0,unknown
voxel,12,9,2.5,0,unknown
voxel,12,9,3.5,0,unknown
voxel,12,9,4.5,0,unknown
voxel,12,10,0.5,0,unknown
voxel,12,10,1.5,0,unknown
voxel,12,10,2.5,0,unknown
voxel,12,10,3.5,0,unknown
voxel,12,10,4.5,0,unknown
voxel,12,11,0.5,0,unknown
voxel,12,11,1.5,0,unknown
voxel,12,11,2.5,0,unknown
voxel,12,11,3.5,0,unknown
voxel,12,11,4.5,0,unknown
voxel,12,12,0.5,0,unknown
voxel,12,12,1.5,0,unknown
voxel,12,12,2.5,0,unknown
voxel,12,12,3.5,0,unknown
voxel,12,12,4.5,0,unknown
voxel,12,13,0.5,0,unknown
voxel,12,13,1.5,0,unknown
voxel,12,13,2.5,0,unknown
voxel,12,13,3.5,0,unknown
voxel,12,13,4.5,0,unknown
voxel,12,14,0.5,0,unknown
voxel,12,14,1.5,0,unknown
voxel,12,14,2.5,0,unknown
voxel,12,14,3.5,0,unknown
voxel,12,14,4.5,0,unknown
voxel,13,-14,0.5,0,unknown
voxel,13,-14,1.5,0,unknown
voxel,13,-14,2.5,0,unknown
voxel,13,-14,3.5,0,unknown
voxel,13,-14,4.5,0,unknown
voxel,13,-13,0.5,0,unknown
voxel,13,-13,1.5,0,unknown
voxel,13,-13,2.5,0,unknown
voxel,13,-13,3.5,0,unknown
voxel,13,-13,4.5,0,unknown
voxel,13,-12,0.5,0,unknown
voxel,13,-12,1.5,0,unknown
voxel,13,-12,2.5,0,unknown
voxel,13,-12,3.5,0,unknown
voxel,13,-12,4.5,0,unknown
voxel,13,-11,0.5,0,unknown
voxel,13,-11,1.5,0,unknown
voxel,13,-11,2.5,0,unknown
voxel,13,-11,3.5,0,unknown
voxel,13,-11,4.5,0,unknown
voxel,13,-10,0.5,0,unknown
voxel,13,-10,1.5,0,unknown
voxel,13,-10,2.5,0,unknown
voxel,13,-10,3.5,0,unknown
voxel,13,-10,4.5,0,unknown
voxel,13,-9,0.5,0,unknown
voxel,13,-9,1.5,0,unknown
voxel,13,-9,2.5,0,unknown
voxel,13,-9,3.5,0,unknown
voxel,13,-9,4.5,0,unknown
voxel,13,-8,0.5,0,unknown
voxel,13,-8,1.5,0,unknown
voxel,13,-8,2.5,0,unknown
voxel,13,-8,3.5,0,unknown
voxel,13,-8,4.5,0,unknown
voxel,13,-7,0.5,0,unknown
voxel,13,-7,1.5,0,unknown
voxel,13,-7,2.5,0,unknown
voxel,13,-7,3.5,0,unknown
voxel,13,-7,4.5,0,unknown
voxel,13,-6,0.5,0,unknown
voxel,13,-6,1.5,0,unknown
voxel,13,-6,2.5,0,unknown
voxel,13,-6,3.5,0,unknown
voxel,13,-6,4.5,0,unknown
voxel,13,-5,0.5,0,unknown
voxel,13,-5,1.5,0,unknown
voxel,13,-5,2.5,0,unknown
voxel,13,-5,3.5,0,unknown
voxel,13,-5,4.5,0,unknown
voxel,13,-4,0.5,0,unknown
voxel,13,-4,1.5,0,unknown
voxel,13,-4,2.5,0,unknown
voxel,13,-4,3.5,0,unknown
voxel,13,-4,4.5,0,unknown
voxel,13,-3,0.5,0,unknown
voxel,13,-3,1.5,0,unknown
voxel,13,-3,2.5,0,unknown
voxel,13,-3,3.5,0,unknown
voxel,13,-3,4.5,0,unknown
voxel,13,-2,0.5,0,unknown
voxel,13,-2,1.5,0,unknown
voxel,13,-2,2.5,0,unknown
voxel,13,-2,3.5,0,unknown
voxel,13,-2,4.5,0,unknown
voxel,13,-1,0.5,0,unknown
voxel,13,-1,1.5,0,unknown
voxel,13,-1,2.5,0,unknown
voxel,13,-1,3.5,0,unknown
voxel,13,-1,4.5,0,unknown
voxel,13,0,0.5,0,unknown
voxel,13,0,1.5,0,unknown
voxel,13,0,2.5,0,unknown
voxel,13,0,3.5,0,unknown
voxel,13,0,4.5,0,unknown
voxel,13,1,0.5,0,unknown
voxel,13,1,1.5,0,unknown
voxel,13,1,2.5,0,unknown
voxel,13,1,3.5,0,unknown
voxel,13,1,4.5,0,unknown
voxel,13,2,0.5,0,unknown
voxel,13,2,1.5,0,unknown
voxel,13,2,2.5,0,unknown
voxel,13,2,3.5,0,unknown
voxel,13,2,4.5,0,unknown
voxel,13,3,0.5,0,unknown
voxel,13,3,1.5,0,unknown
voxel,13,3,2.5,0,unknown
voxel,13,3,3.5,0,unknown
voxel,13,3,4.5,0,unknown
voxel,13,4,0.5,0,unknown
voxel,13,4,1.5,0,unknown
voxel,13,4,2.5,0,unknown
voxel,13,4,3.5,0,unknown
voxel,13,4,4.5,0,unknown
voxel,13,5,0.5,0,unknown
voxel,13,5,1.5,0,unknown
voxel,13,5,2.5,0,unknown
voxel,13,5,3.5,0,unknown
voxel,13,5,4.5,0,unknown
voxel,13,6,0.5,0,unknown
voxel,13,6,1.5,0,unknown
voxel,13,6,2.5,0,unknown
voxel,13,6,3.5,0,unknown
voxel,13,6,4.5,0,unknown
voxel,13,7,0.5,0,unknown
voxel,13,7,1.5,0,unknown
voxel,13,7,2.5,0,unknown
voxel,13,7,3.5,0,unknown
voxel,13,7,4.5,0,unknown
voxel,13,8,0.5,0,unknown
voxel,13,8,1.5,0,unknown
voxel,13,8,2.5,0,unknown
voxel,13,8,3.5,0,unknown
voxel,13,8,4.5,0,unknown
voxel,13,9,0.5,0,unknown
voxel,13,9,1.5,0,unknown
voxel,13,9,2.5,0,unknown
voxel,13,9,3.5,0,unknown
voxel,13,9,4.5,0,unknown
voxel,13,10,0.5,0,unknown
voxel,13,10,1.5,0,unknown
voxel,13,10,2.5,0,unknown
voxel,13,10,3.5,0,unknown
voxel,13,10,4.5,0,unknown
voxel,13,11,0.5,0,unknown
voxel,13,11,1.5,0,unknown
voxel,13,11,2.5,0,unknown
voxel,13,11,3.5,0,unknown
voxel,13,11,4.5,0,unknown
voxel,13,12,0.5,0,unknown
voxel,13,12,1.5,0,unknown
voxel,13,12,2.5,0,unknown
voxel,13,12,3.5,0,unknown
voxel,13,12,4.5,0,unknown
voxel,13,13,0.5,0,unknown
voxel,13,13,1.5,0,unknown
voxel,13,13,2.5,0,unknown
voxel,13,13,3.5,0,unknown
voxel,13,13,4.5,0,unknown
voxel,13,14,0.5,0,unknown
voxel,13,14,1.5,0,unknown
voxel,13,14,2.5,0,unknown
voxel,13,14,3.5,0,unknown
voxel,13,14,4.5,0,unknown
voxel,14,-14,0.5,0,unknown
voxel,14,-14,1.5,0,unknown
voxel,14,-14,2.5,0,unknown
voxel,14,-14,3.5,0,unknown
voxel,14,-14,4.5,0,unknown
voxel,14,-13,0.5,0,unknown
voxel,14,-13,1.5,0,unknown
voxel,14,-13,2.5,0,unknown
voxel,14,-13,3.5,0,unknown
voxel,14,-13,4.5,0,unknown
voxel,14,-12,0.5,0,unknown
voxel,14,-12,1.5,0,unknown
voxel,14,-12,2.5,0,unknown
voxel,14,-12,3.5,0,unknown
voxel,14,-12,4.5,0,unknown
voxel,14,-11,0.5,0,unknown
voxel,14,-11,1.5,0,unknown
voxel,14,-11,2.5,0,unknown
voxel,14,-11,3.5,0,unknown
voxel,14,-11,4.5,0,unknown
voxel,14,-10,0.5,0,unknown
voxel,14,-10,1.5,0,unknown
voxel,14,-10,2.5,0,unknown
voxel,14,-10,3.5,0,unknown
voxel,14,-10,4.5,0,unknown
voxel,14,-9,0.5,0,unknown
voxel,14,-9,1.5,0,unknown
voxel,14,-9,2.5,0,unknown
voxel,14,-9,3.5,0,unknown
voxel,14,-9,4.5,0,unknown
voxel,14,-8,0.5,0,unknown
voxel,14,-8,1.5,0,unknown
voxel,14,-8,2.5,0,unknown
voxel,14,-8,3.5,0,unknown
voxel,14,-8,4.5,0,unknown
voxel,14,-7,0.5,0,unknown
voxel,14,-7,1.5,0,unknown
voxel,14,-7,2.5,0,unknown
voxel,14,-7,3.5,0,unknown
voxel,14,-7,4.5,0,unknown
voxel,14,-6,0.5,0,unknown
voxel,14,-6,1.5,0,unknown
voxel,14,-6,2.5,0,unknown
voxel,14,-6,3.5,0,unknown
voxel,14,-6,4.5,0,unknown
voxel,14,-5,0.5,0,unknown
voxel,14,-5,1.5,0,unknown
voxel,14,-5,2.5,0,unknown
voxel,14,-5,3.5,0,unknown
voxel,14,-5,4.5,0,unknown
voxel,14,-4,0.5,0,unknown
voxel,14,-4,1.5,0,unknown
voxel,14,-4,2.5,0,unknown
voxel,14,-4,3.5,0,unknown
voxel,14,-4,4.5,0,unknown
voxel,14,-3,0.5,0,unknown
voxel,14,-3,1.5,0,unknown
voxel,14,-3,2.5,0,unknown
voxel,14,-3,3.5,0,unknown
voxel,14,-3,4.5,0,unknown
voxel,14,-2,0.5,0,unknown
voxel,14,-2,1.5,0,unknown
voxel,14,-2,2.5,0,unknown
voxel,14,-2,3.5,0,unknown
voxel,14,-2,4.5,0,unknown
voxel,14,-1,0.5,0,unknown
voxel,14,-1,1.5,0,unknown
voxel,14,-1,2.5,0,unknown
voxel,14,-1,3.5,0,unknown
voxel,14,-1,4.5,0,unknown
voxel,14,0,0.5,0,unknown
voxel,14,0,1.5,0,unknown
voxel,14,0,2.5,0,unknown
voxel,14,0,3.5,0,unknown
voxel,14,0,4.5,0,unknown
voxel,14,1,0.5,0,unknown
voxel,14,1,1.5,0,unknown
voxel,14,1,2.5,0,unknown
voxel,14,1,3.5,0,unknown
voxel,14,1,4.5,0,unknown
voxel,14,2,0.5,0,unknown
voxel,14,2,1.5,0,unknown
voxel,14,2,2.5,0,unknown
voxel,14,2,3.5,0,unknown
voxel,14,2,4.5,0,unknown
voxel,14,3,0.5,0,unknown
voxel,14,3,1.5,0,unknown
voxel,14,3,2.5,0,unknown
voxel,14,3,3.5,0,unknown
voxel,14,3,4.5,0,unknown
voxel,14,4,0.5,0,unknown
voxel,14,4,1.5,0,unknown
voxel,14,4,2.5,0,unknown
voxel,14,4,3.5,0,unknown
voxel,14,4,4.5,0,unknown
voxel,14,5,0.5,0,unknown
voxel,14,5,1.5,0,unknown
voxel,14,5,2.5,0,unknown
voxel,14,5,3.5,0,unknown
voxel,14,5,4.5,0,unknown
voxel,14,6,0.5,0,unknown
voxel,14,6,1.5,0,unknown
voxel,14,6,2.5,0,unknown
voxel,14,6,3.5,0,unknown
voxel,14,6,4.5,0,unknown
voxel,14,7,0.5,0,unknown
voxel,14,7,1.5,0,unknown
voxel,14,7,2.5,0,unknown
voxel,14,7,3.5,0,unknown
voxel,14,7,4.5,0,unknown
voxel,14,8,0.5,0,unknown
voxel,14,8,1.5,0,unknown
voxel,14,8,2.5,0,unknown
voxel,14,8,3.5,0,unknown
voxel,14,8,4.5,0,unknown
voxel,14,9,0.5,0,unknown
voxel,14,9,1.5,0,unknown
voxel,14,9,2.5,0,unknown
voxel,14,9,3.5,0,unknown
voxel,14,9,4.5,0,unknown
voxel,14,10,0.5,0,unknown
voxel,14,10,1.5,0,unknown
voxel,14,10,2.5,0,unknown
voxel,14,10,3.5,0,unknown
voxel,14,10,4.5,0,unknown
voxel,14,11,0.5,0,unknown
voxel,14,11,1.5,0,unknown
voxel,14,11,2.5,0,unknown
voxel,14,11,3.5,0,unknown
voxel,14,11,4.5,0,unknown
voxel,14,12,0.5,0,unknown
voxel,14,12,1.5,0,unknown
voxel,14,12,2.5,0,unknown
voxel,14,12,3.5,0,unknown
voxel,14,12,4.5,0,unknown
voxel,14,13,0.5,0,unknown
voxel,14,13,1.5,0,unknown
voxel,14,13,2.5,0,unknown
voxel,14,13,3.5,0,unknown
voxel,14,13,4.5,0,unknown
voxel,14,14,0.5,0,unknown
voxel,14,14,1.5,0,unknown
voxel,14,14,2.5,0,unknown
voxel,14,14,3.5,0,unknown
voxel,14,14,4.5,0,unknown
box,-8,0,1,0.8,free
box,-6,0,1,0.8,free
box,-4,0,1,0.8,unknown
box,-2,0,1,0.8,unknown
box,0,0,1,0.8,unknown
box,2,0,1,0.8,occupied
box,4,0,1,0.8,unknown
box,6,0,1,0.8,unknown
box,8,0,1,0.8,unknown
path,-8,0,1,0,free
path,0,-8,1,1,unknown
path,0,0,1,2,free
path,-5,-5,1,3,occupied
ray,12,0,1,0,occupied
ray,11.0866,4.5922,1,1,occupied
ray,8.48528,8.48528,1,2,unknown
ray,4.5922,11.0866,1,3,unknown
ray,7.34788e-16,12,1,4,occupied
ray,-4.5922,11.0866,1,5,unknown
ray,-8.48528,8.48528,1,6,unknown
ray,-11.0866,4.5922,1,7,unknown
ray,-12,1.46958e-15,1,8,occupied
ray,-11.0866,-4.5922,1,9,unknown
ray,-8.48528,-8.48528,1,10,unknown
ray,-4.5922,-11.0866,1,11,unknown
ray,-2.20436e-15,-12,1,12,occupied
ray,4.5922,-11.0866,1,13,unknown
ray,8.48528,-8.48528,1,14,unknown
ray,11.0866,-4.5922,1,15,unknown
gain,0,0,1,0,unknown=2392;occupied=9039;free=837
gain,6,0,1,1,unknown=2919;occupied=5192;free=608
gain,0,6,1,2,unknown=2160;occupied=9399;free=761
gain,-6,-6,1,3,unknown=2119;occupied=7733;free=607
gain,8,8,1,4,unknown=1829;occupied=6221;free=590
